alg,n,phase,median_ns,reps
Ed25519,0,authority_build,25108,101
Ed25519,0,append_hop,36573,101
Ed25519,0,seal,24128,101
Ed25519,0,verify_chain,63582,101
Ed25519,0,authorize,4758,101
Ed25519,1,authority_build,25051,101
Ed25519,1,append_hop,36899,101
Ed25519,1,seal,24619,101
Ed25519,1,verify_chain,96722,101
Ed25519,1,authorize,7277,101
Ed25519,2,authority_build,25103,101
Ed25519,2,append_hop,42800,101
Ed25519,2,seal,25327,101
Ed25519,2,verify_chain,131023,101
Ed25519,2,authorize,9096,101
Ed25519,5,authority_build,25081,101
Ed25519,5,append_hop,38163,101
Ed25519,5,seal,26421,101
Ed25519,5,verify_chain,226025,101
Ed25519,5,authorize,14830,101
Ed25519,10,authority_build,24494,101
Ed25519,10,append_hop,39839,101
Ed25519,10,seal,28940,101
Ed25519,10,verify_chain,396887,101
Ed25519,10,authorize,25014,101
Ed25519,20,authority_build,24605,101
Ed25519,20,append_hop,44212,101
Ed25519,20,seal,33908,101
Ed25519,20,verify_chain,739324,101
Ed25519,20,authorize,44812,101
Mldsa44,0,authority_build,70819,101
Mldsa44,0,append_hop,72572,101
Mldsa44,0,seal,85960,101
Mldsa44,0,verify_chain,54496,101
Mldsa44,0,authorize,4814,101
Mldsa44,1,authority_build,63911,101
Mldsa44,1,append_hop,65134,101
Mldsa44,1,seal,75469,101
Mldsa44,1,verify_chain,85344,101
Mldsa44,1,authorize,6695,101
Mldsa44,2,authority_build,73194,101
Mldsa44,2,append_hop,74746,101
Mldsa44,2,seal,37805,101
Mldsa44,2,verify_chain,116143,101
Mldsa44,2,authorize,9042,101
Mldsa44,5,authority_build,63061,101
Mldsa44,5,append_hop,74182,101
Mldsa44,5,seal,46545,101
Mldsa44,5,verify_chain,209726,101
Mldsa44,5,authorize,15290,101
Mldsa44,10,authority_build,66479,101
Mldsa44,10,append_hop,77685,101
Mldsa44,10,seal,50327,101
Mldsa44,10,verify_chain,371198,101
Mldsa44,10,authorize,24882,101
Mldsa44,20,authority_build,73487,101
Mldsa44,20,append_hop,80284,101
Mldsa44,20,seal,142033,101
Mldsa44,20,verify_chain,693211,101
Mldsa44,20,authorize,44099,101
Mldsa65,0,authority_build,117262,101
Mldsa65,0,append_hop,115776,101
Mldsa65,0,seal,151805,101
Mldsa65,0,verify_chain,86961,101
Mldsa65,0,authorize,4974,101
Mldsa65,1,authority_build,176299,101
Mldsa65,1,append_hop,140521,101
Mldsa65,1,seal,57744,101
Mldsa65,1,verify_chain,136738,101
Mldsa65,1,authorize,7328,101
Mldsa65,2,authority_build,127987,101
Mldsa65,2,append_hop,124103,101
Mldsa65,2,seal,205034,101
Mldsa65,2,verify_chain,178568,101
Mldsa65,2,authorize,9312,101
Mldsa65,5,authority_build,114940,101
Mldsa65,5,append_hop,129570,101
Mldsa65,5,seal,112996,101
Mldsa65,5,verify_chain,314211,101
Mldsa65,5,authorize,15377,101
Mldsa65,10,authority_build,111244,101
Mldsa65,10,append_hop,132304,101
Mldsa65,10,seal,115711,101
Mldsa65,10,verify_chain,550211,101
Mldsa65,10,authorize,24993,101
Mldsa65,20,authority_build,114370,101
Mldsa65,20,append_hop,128184,101
Mldsa65,20,seal,217130,101
Mldsa65,20,verify_chain,1047106,101
Mldsa65,20,authorize,46412,101
Mldsa87,0,authority_build,161898,101
Mldsa87,0,append_hop,168802,101
Mldsa87,0,seal,129311,101
Mldsa87,0,verify_chain,128895,101
Mldsa87,0,authorize,4917,101
Mldsa87,1,authority_build,148684,101
Mldsa87,1,append_hop,158676,101
Mldsa87,1,seal,205955,101
Mldsa87,1,verify_chain,196595,101
Mldsa87,1,authorize,6875,101
Mldsa87,2,authority_build,150021,101
Mldsa87,2,append_hop,161403,101
Mldsa87,2,seal,173534,101
Mldsa87,2,verify_chain,265200,101
Mldsa87,2,authorize,9306,101
Mldsa87,5,authority_build,152014,101
Mldsa87,5,append_hop,163449,101
Mldsa87,5,seal,193768,101
Mldsa87,5,verify_chain,483491,101
Mldsa87,5,authorize,15404,101
Mldsa87,10,authority_build,144756,101
Mldsa87,10,append_hop,161840,101
Mldsa87,10,seal,83644,101
Mldsa87,10,verify_chain,818680,101
Mldsa87,10,authorize,24967,101
Mldsa87,20,authority_build,156350,101
Mldsa87,20,append_hop,166979,101
Mldsa87,20,seal,120161,101
Mldsa87,20,verify_chain,1516527,101
Mldsa87,20,authorize,42489,101
Fndsa512,0,authority_build,4707038,101
Fndsa512,0,append_hop,4553855,101
Fndsa512,0,seal,154102,101
Fndsa512,0,verify_chain,62854,101
Fndsa512,0,authorize,4601,101
Fndsa512,1,authority_build,4728624,101
Fndsa512,1,append_hop,4438862,101
Fndsa512,1,seal,154956,101
Fndsa512,1,verify_chain,95592,101
Fndsa512,1,authorize,6930,101
Fndsa512,2,authority_build,4742642,101
Fndsa512,2,append_hop,4293370,101
Fndsa512,2,seal,154370,101
Fndsa512,2,verify_chain,127498,101
Fndsa512,2,authorize,8945,101
Fndsa512,5,authority_build,4509609,101
Fndsa512,5,append_hop,4524586,101
Fndsa512,5,seal,159606,101
Fndsa512,5,verify_chain,239215,101
Fndsa512,5,authorize,15393,101
Fndsa512,10,authority_build,4740225,101
Fndsa512,10,append_hop,4226425,101
Fndsa512,10,seal,161692,101
Fndsa512,10,verify_chain,418136,101
Fndsa512,10,authorize,25067,101
Fndsa512,20,authority_build,4497483,101
Fndsa512,20,append_hop,4236558,101
Fndsa512,20,seal,163789,101
Fndsa512,20,verify_chain,792103,101
Fndsa512,20,authorize,45763,101
Fndsa1024,0,authority_build,12458648,101
Fndsa1024,0,append_hop,12889206,101
Fndsa1024,0,seal,303844,101
Fndsa1024,0,verify_chain,119879,101
Fndsa1024,0,authorize,4720,101
Fndsa1024,1,authority_build,12766178,101
Fndsa1024,1,append_hop,13305238,101
Fndsa1024,1,seal,298158,101
Fndsa1024,1,verify_chain,186176,101
Fndsa1024,1,authorize,7004,101
Fndsa1024,2,authority_build,12598885,101
Fndsa1024,2,append_hop,13090968,101
Fndsa1024,2,seal,299305,101
Fndsa1024,2,verify_chain,254591,101
Fndsa1024,2,authorize,9096,101
Fndsa1024,5,authority_build,13399203,101
Fndsa1024,5,append_hop,13134179,101
Fndsa1024,5,seal,302428,101
Fndsa1024,5,verify_chain,463679,101
Fndsa1024,5,authorize,14811,101
Fndsa1024,10,authority_build,13214056,101
Fndsa1024,10,append_hop,12809417,101
Fndsa1024,10,seal,305318,101
Fndsa1024,10,verify_chain,837261,101
Fndsa1024,10,authorize,25320,101
Fndsa1024,20,authority_build,12684383,101
Fndsa1024,20,append_hop,12667736,101
Fndsa1024,20,seal,313878,101
Fndsa1024,20,verify_chain,1516176,101
Fndsa1024,20,authorize,44469,101
Slhdsa128s,0,authority_build,138975208,5
Slhdsa128s,0,append_hop,137444623,5
Slhdsa128s,0,seal,121480036,5
Slhdsa128s,0,verify_chain,385804,5
Slhdsa128s,0,authorize,5453,5
Slhdsa128s,1,authority_build,136494505,5
Slhdsa128s,1,append_hop,135105900,5
Slhdsa128s,1,seal,119598979,5
Slhdsa128s,1,verify_chain,591875,5
Slhdsa128s,1,authorize,7572,5
Slhdsa128s,2,authority_build,135172059,5
Slhdsa128s,2,append_hop,135564723,5
Slhdsa128s,2,seal,120222056,5
Slhdsa128s,2,verify_chain,782249,5
Slhdsa128s,2,authorize,10135,5
Slhdsa128f,0,authority_build,6161132,5
Slhdsa128f,0,append_hop,6749875,5
Slhdsa128f,0,seal,6232157,5
Slhdsa128f,0,verify_chain,1036198,5
Slhdsa128f,0,authorize,5046,5
Slhdsa128f,1,authority_build,6569781,5
Slhdsa128f,1,append_hop,6329451,5
Slhdsa128f,1,seal,6081964,5
Slhdsa128f,1,verify_chain,1582065,5
Slhdsa128f,1,authorize,7450,5
Slhdsa128f,2,authority_build,6311065,5
Slhdsa128f,2,append_hop,6187010,5
Slhdsa128f,2,seal,5925218,5
Slhdsa128f,2,verify_chain,2071853,5
Slhdsa128f,2,authorize,9672,5
Slhdsa256s,0,authority_build,223520412,5
Slhdsa256s,0,append_hop,225684129,5
Slhdsa256s,0,seal,205836923,5
Slhdsa256s,0,verify_chain,825500,5
Slhdsa256s,0,authorize,5174,5
Slhdsa256s,1,authority_build,221117994,5
Slhdsa256s,1,append_hop,220956677,5
Slhdsa256s,1,seal,204170874,5
Slhdsa256s,1,verify_chain,1258152,5
Slhdsa256s,1,authorize,7149,5
Slhdsa256s,2,authority_build,222531557,5
Slhdsa256s,2,append_hop,222311317,5
Slhdsa256s,2,seal,207454370,5
Slhdsa256s,2,verify_chain,1683326,5
Slhdsa256s,2,authorize,9948,5
Slhdsa256f,0,authority_build,21389204,5
Slhdsa256f,0,append_hop,22681903,5
Slhdsa256f,0,seal,21269418,5
Slhdsa256f,0,verify_chain,1554838,5
Slhdsa256f,0,authorize,5283,5
Slhdsa256f,1,authority_build,21700445,5
Slhdsa256f,1,append_hop,21953788,5
Slhdsa256f,1,seal,20893779,5
Slhdsa256f,1,verify_chain,2336751,5
Slhdsa256f,1,authorize,7151,5
Slhdsa256f,2,authority_build,22035822,5
Slhdsa256f,2,append_hop,21993995,5
Slhdsa256f,2,seal,21348119,5
Slhdsa256f,2,verify_chain,3150294,5
Slhdsa256f,2,authorize,9721,5
