alg,check,result,detail
Ed25519,f1_seal_atten_verify,PASS,"authority+2 hops sealed, parsed, read authorized"
Ed25519,f2_datalog_write_denied,PASS,"write must be rejected by attenuation check"
Ed25519,f3_unsealed_roundtrip,PASS,"unsealed serialise/parse, re-attenuate, seal, verify"
Ed25519,f4_key_bytes_roundtrip,PASS,"sk 32 B, pk 32 B round-trip equal"
Ed25519,f5_wrong_root_rejected,PASS,"parse with unrelated same-algorithm root public key fails"
Ed25519,f6_tamper_rejected,PASS,"all 5 byte flips rejected"
Ed25519,f7_third_party_pq,PASS,"third-party block verifies"
Ed25519,f8_third_party_wrong_key,PASS,"external key != signing key rejected at append"
Mldsa44,f1_seal_atten_verify,PASS,"authority+2 hops sealed, parsed, read authorized"
Mldsa44,f2_datalog_write_denied,PASS,"write must be rejected by attenuation check"
Mldsa44,f3_unsealed_roundtrip,PASS,"unsealed serialise/parse, re-attenuate, seal, verify"
Mldsa44,f4_key_bytes_roundtrip,PASS,"sk 3872 B, pk 1312 B round-trip equal"
Mldsa44,f5_wrong_root_rejected,PASS,"parse with unrelated same-algorithm root public key fails"
Mldsa44,f6_tamper_rejected,PASS,"all 5 byte flips rejected"
Mldsa44,f7_third_party_pq,PASS,"third-party block verifies"
Mldsa44,f8_third_party_wrong_key,PASS,"external key != signing key rejected at append"
Mldsa65,f1_seal_atten_verify,PASS,"authority+2 hops sealed, parsed, read authorized"
Mldsa65,f2_datalog_write_denied,PASS,"write must be rejected by attenuation check"
Mldsa65,f3_unsealed_roundtrip,PASS,"unsealed serialise/parse, re-attenuate, seal, verify"
Mldsa65,f4_key_bytes_roundtrip,PASS,"sk 5984 B, pk 1952 B round-trip equal"
Mldsa65,f5_wrong_root_rejected,PASS,"parse with unrelated same-algorithm root public key fails"
Mldsa65,f6_tamper_rejected,PASS,"all 5 byte flips rejected"
Mldsa65,f7_third_party_pq,PASS,"third-party block verifies"
Mldsa65,f8_third_party_wrong_key,PASS,"external key != signing key rejected at append"
Mldsa87,f1_seal_atten_verify,PASS,"authority+2 hops sealed, parsed, read authorized"
Mldsa87,f2_datalog_write_denied,PASS,"write must be rejected by attenuation check"
Mldsa87,f3_unsealed_roundtrip,PASS,"unsealed serialise/parse, re-attenuate, seal, verify"
Mldsa87,f4_key_bytes_roundtrip,PASS,"sk 7488 B, pk 2592 B round-trip equal"
Mldsa87,f5_wrong_root_rejected,PASS,"parse with unrelated same-algorithm root public key fails"
Mldsa87,f6_tamper_rejected,PASS,"all 5 byte flips rejected"
Mldsa87,f7_third_party_pq,PASS,"third-party block verifies"
Mldsa87,f8_third_party_wrong_key,PASS,"external key != signing key rejected at append"
Fndsa512,f1_seal_atten_verify,PASS,"authority+2 hops sealed, parsed, read authorized"
Fndsa512,f2_datalog_write_denied,PASS,"write must be rejected by attenuation check"
Fndsa512,f3_unsealed_roundtrip,PASS,"unsealed serialise/parse, re-attenuate, seal, verify"
Fndsa512,f4_key_bytes_roundtrip,PASS,"sk 2178 B, pk 897 B round-trip equal"
Fndsa512,f5_wrong_root_rejected,PASS,"parse with unrelated same-algorithm root public key fails"
Fndsa512,f6_tamper_rejected,PASS,"all 5 byte flips rejected"
Fndsa512,f7_third_party_pq,PASS,"third-party block verifies"
Fndsa512,f8_third_party_wrong_key,PASS,"external key != signing key rejected at append"
Fndsa1024,f1_seal_atten_verify,PASS,"authority+2 hops sealed, parsed, read authorized"
Fndsa1024,f2_datalog_write_denied,PASS,"write must be rejected by attenuation check"
Fndsa1024,f3_unsealed_roundtrip,PASS,"unsealed serialise/parse, re-attenuate, seal, verify"
Fndsa1024,f4_key_bytes_roundtrip,PASS,"sk 4098 B, pk 1793 B round-trip equal"
Fndsa1024,f5_wrong_root_rejected,PASS,"parse with unrelated same-algorithm root public key fails"
Fndsa1024,f6_tamper_rejected,PASS,"all 5 byte flips rejected"
Fndsa1024,f7_third_party_pq,PASS,"third-party block verifies"
Fndsa1024,f8_third_party_wrong_key,PASS,"external key != signing key rejected at append"
HybridEdMldsa44,f1_seal_atten_verify,PASS,"authority+2 hops sealed, parsed, read authorized"
HybridEdMldsa44,f2_datalog_write_denied,PASS,"write must be rejected by attenuation check"
HybridEdMldsa44,f3_unsealed_roundtrip,PASS,"unsealed serialise/parse, re-attenuate, seal, verify"
HybridEdMldsa44,f4_key_bytes_roundtrip,PASS,"sk 3904 B, pk 1344 B round-trip equal"
HybridEdMldsa44,f5_wrong_root_rejected,PASS,"parse with unrelated same-algorithm root public key fails"
HybridEdMldsa44,f6_tamper_rejected,PASS,"all 5 byte flips rejected"
HybridEdMldsa44,f7_third_party_pq,PASS,"third-party block verifies"
HybridEdMldsa44,f8_third_party_wrong_key,PASS,"external key != signing key rejected at append"
HybridEdMldsa44,f9_hybrid_cross_combo,PASS,"token of one hybrid combo rejected under the other combo root"
HybridEdFndsa512,f1_seal_atten_verify,PASS,"authority+2 hops sealed, parsed, read authorized"
HybridEdFndsa512,f2_datalog_write_denied,PASS,"write must be rejected by attenuation check"
HybridEdFndsa512,f3_unsealed_roundtrip,PASS,"unsealed serialise/parse, re-attenuate, seal, verify"
HybridEdFndsa512,f4_key_bytes_roundtrip,PASS,"sk 2210 B, pk 929 B round-trip equal"
HybridEdFndsa512,f5_wrong_root_rejected,PASS,"parse with unrelated same-algorithm root public key fails"
HybridEdFndsa512,f6_tamper_rejected,PASS,"all 5 byte flips rejected"
HybridEdFndsa512,f7_third_party_pq,PASS,"third-party block verifies"
HybridEdFndsa512,f8_third_party_wrong_key,PASS,"external key != signing key rejected at append"
HybridEdFndsa512,f9_hybrid_cross_combo,PASS,"token of one hybrid combo rejected under the other combo root"
Slhdsa128s,f1_seal_atten_verify,PASS,"authority+2 hops sealed, parsed, read authorized"
Slhdsa128s,f2_datalog_write_denied,PASS,"write must be rejected by attenuation check"
Slhdsa128s,f3_unsealed_roundtrip,PASS,"unsealed serialise/parse, re-attenuate, seal, verify"
Slhdsa128s,f4_key_bytes_roundtrip,PASS,"sk 96 B, pk 32 B round-trip equal"
Slhdsa128s,f5_wrong_root_rejected,PASS,"parse with unrelated same-algorithm root public key fails"
Slhdsa128s,f6_tamper_rejected,PASS,"all 5 byte flips rejected"
Slhdsa128s,f7_third_party_pq,PASS,"third-party block verifies"
Slhdsa128s,f8_third_party_wrong_key,PASS,"external key != signing key rejected at append"
Slhdsa128f,f1_seal_atten_verify,PASS,"authority+2 hops sealed, parsed, read authorized"
Slhdsa128f,f2_datalog_write_denied,PASS,"write must be rejected by attenuation check"
Slhdsa128f,f3_unsealed_roundtrip,PASS,"unsealed serialise/parse, re-attenuate, seal, verify"
Slhdsa128f,f4_key_bytes_roundtrip,PASS,"sk 96 B, pk 32 B round-trip equal"
Slhdsa128f,f5_wrong_root_rejected,PASS,"parse with unrelated same-algorithm root public key fails"
Slhdsa128f,f6_tamper_rejected,PASS,"all 5 byte flips rejected"
Slhdsa128f,f7_third_party_pq,PASS,"third-party block verifies"
Slhdsa128f,f8_third_party_wrong_key,PASS,"external key != signing key rejected at append"
Slhdsa256s,f1_seal_atten_verify,PASS,"authority+2 hops sealed, parsed, read authorized"
Slhdsa256s,f2_datalog_write_denied,PASS,"write must be rejected by attenuation check"
Slhdsa256s,f3_unsealed_roundtrip,PASS,"unsealed serialise/parse, re-attenuate, seal, verify"
Slhdsa256s,f4_key_bytes_roundtrip,PASS,"sk 192 B, pk 64 B round-trip equal"
Slhdsa256s,f5_wrong_root_rejected,PASS,"parse with unrelated same-algorithm root public key fails"
Slhdsa256s,f6_tamper_rejected,PASS,"all 5 byte flips rejected"
Slhdsa256s,f7_third_party_pq,PASS,"third-party block verifies"
Slhdsa256s,f8_third_party_wrong_key,PASS,"external key != signing key rejected at append"
Slhdsa256f,f1_seal_atten_verify,PASS,"authority+2 hops sealed, parsed, read authorized"
Slhdsa256f,f2_datalog_write_denied,PASS,"write must be rejected by attenuation check"
Slhdsa256f,f3_unsealed_roundtrip,PASS,"unsealed serialise/parse, re-attenuate, seal, verify"
Slhdsa256f,f4_key_bytes_roundtrip,PASS,"sk 192 B, pk 64 B round-trip equal"
Slhdsa256f,f5_wrong_root_rejected,PASS,"parse with unrelated same-algorithm root public key fails"
Slhdsa256f,f6_tamper_rejected,PASS,"all 5 byte flips rejected"
Slhdsa256f,f7_third_party_pq,PASS,"third-party block verifies"
Slhdsa256f,f8_third_party_wrong_key,PASS,"external key != signing key rejected at append"
