profile,n,rep,ns
all-ed,0,0,186145
all-ed,0,1,175997
all-ed,0,2,173644
all-ed,0,3,185013
all-ed,0,4,172536
all-ed,0,5,166746
all-ed,0,6,162536
all-ed,0,7,157346
all-ed,0,8,148865
all-ed,0,9,63808
all-ed,0,10,63865
all-ed,0,11,64412
all-ed,0,12,65030
all-ed,0,13,65884
all-ed,0,14,65778
all-ed,0,15,68101
all-ed,0,16,66011
all-ed,0,17,68248
all-ed,0,18,65856
all-ed,0,19,64033
all-ed,0,20,63568
all-ed,0,21,63636
all-ed,0,22,63541
all-ed,0,23,63482
all-ed,0,24,63562
all-ed,0,25,63456
all-ed,0,26,64156
all-ed,0,27,63820
all-ed,0,28,63465
all-ed,0,29,79409
all-ed,0,30,64660
all-ed,0,31,63742
all-ed,0,32,63500
all-ed,0,33,63349
all-ed,0,34,63554
all-ed,0,35,63397
all-ed,0,36,63339
all-ed,0,37,63638
all-ed,0,38,63778
all-ed,0,39,63370
all-ed,0,40,63577
all-ed,0,41,63411
all-ed,0,42,63240
all-ed,0,43,63293
all-ed,0,44,63608
all-ed,0,45,63386
all-ed,0,46,63690
all-ed,0,47,63628
all-ed,0,48,63479
all-ed,0,49,63564
all-ed,0,50,63225
all-ed,1,0,96913
all-ed,1,1,97231
all-ed,1,2,97022
all-ed,1,3,97349
all-ed,1,4,96817
all-ed,1,5,96851
all-ed,1,6,97047
all-ed,1,7,97131
all-ed,1,8,96976
all-ed,1,9,96746
all-ed,1,10,96950
all-ed,1,11,97111
all-ed,1,12,96955
all-ed,1,13,97214
all-ed,1,14,96843
all-ed,1,15,116071
all-ed,1,16,99357
all-ed,1,17,97250
all-ed,1,18,96930
all-ed,1,19,97193
all-ed,1,20,97222
all-ed,1,21,96918
all-ed,1,22,96908
all-ed,1,23,96858
all-ed,1,24,97082
all-ed,1,25,97048
all-ed,1,26,96889
all-ed,1,27,96985
all-ed,1,28,96911
all-ed,1,29,96641
all-ed,1,30,97428
all-ed,1,31,96921
all-ed,1,32,96803
all-ed,1,33,96898
all-ed,1,34,104295
all-ed,1,35,99044
all-ed,1,36,97056
all-ed,1,37,96822
all-ed,1,38,96999
all-ed,1,39,96852
all-ed,1,40,96663
all-ed,1,41,97024
all-ed,1,42,96894
all-ed,1,43,96860
all-ed,1,44,97021
all-ed,1,45,96961
all-ed,1,46,96993
all-ed,1,47,96791
all-ed,1,48,96883
all-ed,1,49,96837
all-ed,1,50,97397
all-ed,2,0,130191
all-ed,2,1,130571
all-ed,2,2,140544
all-ed,2,3,131299
all-ed,2,4,130221
all-ed,2,5,130169
all-ed,2,6,130317
all-ed,2,7,140374
all-ed,2,8,130934
all-ed,2,9,130301
all-ed,2,10,129990
all-ed,2,11,129987
all-ed,2,12,130008
all-ed,2,13,129863
all-ed,2,14,129688
all-ed,2,15,130373
all-ed,2,16,130020
all-ed,2,17,129671
all-ed,2,18,129910
all-ed,2,19,129997
all-ed,2,20,129794
all-ed,2,21,138817
all-ed,2,22,135807
all-ed,2,23,130431
all-ed,2,24,130147
all-ed,2,25,129570
all-ed,2,26,129895
all-ed,2,27,129884
all-ed,2,28,129991
all-ed,2,29,129888
all-ed,2,30,132364
all-ed,2,31,129883
all-ed,2,32,130034
all-ed,2,33,130129
all-ed,2,34,130081
all-ed,2,35,136692
all-ed,2,36,132450
all-ed,2,37,130011
all-ed,2,38,129599
all-ed,2,39,129580
all-ed,2,40,129477
all-ed,2,41,129840
all-ed,2,42,129697
all-ed,2,43,129564
all-ed,2,44,129689
all-ed,2,45,129907
all-ed,2,46,132687
all-ed,2,47,130030
all-ed,2,48,129873
all-ed,2,49,129928
all-ed,2,50,140142
all-ed,5,0,229920
all-ed,5,1,230934
all-ed,5,2,230030
all-ed,5,3,230020
all-ed,5,4,229778
all-ed,5,5,230281
all-ed,5,6,248543
all-ed,5,7,231155
all-ed,5,8,242466
all-ed,5,9,240897
all-ed,5,10,229067
all-ed,5,11,229763
all-ed,5,12,229223
all-ed,5,13,246147
all-ed,5,14,235535
all-ed,5,15,261813
all-ed,5,16,232103
all-ed,5,17,229319
all-ed,5,18,229350
all-ed,5,19,229143
all-ed,5,20,251427
all-ed,5,21,249495
all-ed,5,22,230142
all-ed,5,23,249092
all-ed,5,24,231029
all-ed,5,25,244979
all-ed,5,26,237393
all-ed,5,27,231191
all-ed,5,28,229162
all-ed,5,29,229002
all-ed,5,30,228880
all-ed,5,31,247286
all-ed,5,32,246095
all-ed,5,33,230543
all-ed,5,34,228414
all-ed,5,35,228712
all-ed,5,36,228958
all-ed,5,37,242508
all-ed,5,38,239184
all-ed,5,39,228805
all-ed,5,40,268668
all-ed,5,41,232262
all-ed,5,42,229179
all-ed,5,43,228749
all-ed,5,44,245809
all-ed,5,45,233770
all-ed,5,46,229187
all-ed,5,47,238178
all-ed,5,48,230046
all-ed,5,49,228654
all-ed,5,50,241486
all-ed,10,0,411088
all-ed,10,1,424669
all-ed,10,2,406089
all-ed,10,3,433929
all-ed,10,4,406524
all-ed,10,5,404935
all-ed,10,6,404946
all-ed,10,7,405217
all-ed,10,8,429247
all-ed,10,9,415314
all-ed,10,10,404171
all-ed,10,11,416565
all-ed,10,12,404897
all-ed,10,13,417480
all-ed,10,14,424061
all-ed,10,15,405680
all-ed,10,16,426077
all-ed,10,17,406174
all-ed,10,18,416493
all-ed,10,19,421127
all-ed,10,20,409768
all-ed,10,21,411666
all-ed,10,22,405384
all-ed,10,23,417987
all-ed,10,24,406477
all-ed,10,25,424217
all-ed,10,26,405196
all-ed,10,27,405469
all-ed,10,28,417893
all-ed,10,29,418833
all-ed,10,30,414626
all-ed,10,31,420589
all-ed,10,32,398443
all-ed,10,33,407470
all-ed,10,34,395695
all-ed,10,35,396162
all-ed,10,36,396597
all-ed,10,37,396523
all-ed,10,38,425359
all-ed,10,39,397288
all-ed,10,40,401815
all-ed,10,41,405835
all-ed,10,42,549957
all-ed,10,43,433105
all-ed,10,44,407965
all-ed,10,45,435214
all-ed,10,46,432386
all-ed,10,47,583744
all-ed,10,48,428186
all-ed,10,49,430031
all-ed,10,50,411515
all-ed,20,0,740514
all-ed,20,1,763864
all-ed,20,2,748022
all-ed,20,3,744167
all-ed,20,4,753250
all-ed,20,5,825881
all-ed,20,6,922407
all-ed,20,7,801265
all-ed,20,8,752786
all-ed,20,9,917857
all-ed,20,10,895535
all-ed,20,11,762307
all-ed,20,12,787577
all-ed,20,13,756098
all-ed,20,14,751842
all-ed,20,15,762840
all-ed,20,16,752547
all-ed,20,17,769583
all-ed,20,18,757902
all-ed,20,19,773781
all-ed,20,20,763264
all-ed,20,21,752540
all-ed,20,22,756690
all-ed,20,23,762898
all-ed,20,24,748840
all-ed,20,25,734549
all-ed,20,26,755679
all-ed,20,27,788446
all-ed,20,28,772579
all-ed,20,29,817089
all-ed,20,30,755197
all-ed,20,31,755851
all-ed,20,32,735570
all-ed,20,33,755473
all-ed,20,34,749538
all-ed,20,35,734107
all-ed,20,36,738455
all-ed,20,37,742792
all-ed,20,38,765243
all-ed,20,39,732642
all-ed,20,40,754997
all-ed,20,41,732282
all-ed,20,42,730845
all-ed,20,43,742852
all-ed,20,44,737432
all-ed,20,45,731053
all-ed,20,46,743700
all-ed,20,47,739365
all-ed,20,48,734813
all-ed,20,49,749425
all-ed,20,50,730443
all-mldsa44,0,0,56463
all-mldsa44,0,1,57335
all-mldsa44,0,2,57475
all-mldsa44,0,3,58479
all-mldsa44,0,4,58904
all-mldsa44,0,5,56498
all-mldsa44,0,6,58133
all-mldsa44,0,7,57695
all-mldsa44,0,8,57269
all-mldsa44,0,9,58545
all-mldsa44,0,10,58106
all-mldsa44,0,11,58705
all-mldsa44,0,12,57956
all-mldsa44,0,13,59884
all-mldsa44,0,14,55956
all-mldsa44,0,15,58386
all-mldsa44,0,16,58635
all-mldsa44,0,17,59160
all-mldsa44,0,18,59710
all-mldsa44,0,19,56570
all-mldsa44,0,20,58861
all-mldsa44,0,21,66352
all-mldsa44,0,22,59700
all-mldsa44,0,23,59576
all-mldsa44,0,24,59266
all-mldsa44,0,25,59719
all-mldsa44,0,26,57583
all-mldsa44,0,27,55806
all-mldsa44,0,28,55939
all-mldsa44,0,29,55306
all-mldsa44,0,30,55784
all-mldsa44,0,31,56355
all-mldsa44,0,32,66329
all-mldsa44,0,33,64586
all-mldsa44,0,34,59121
all-mldsa44,0,35,58805
all-mldsa44,0,36,57189
all-mldsa44,0,37,58789
all-mldsa44,0,38,57731
all-mldsa44,0,39,58516
all-mldsa44,0,40,59473
all-mldsa44,0,41,57386
all-mldsa44,0,42,58531
all-mldsa44,0,43,58703
all-mldsa44,0,44,56932
all-mldsa44,0,45,58397
all-mldsa44,0,46,58125
all-mldsa44,0,47,58930
all-mldsa44,0,48,58416
all-mldsa44,0,49,58471
all-mldsa44,0,50,58337
all-mldsa44,1,0,91462
all-mldsa44,1,1,91002
all-mldsa44,1,2,89931
all-mldsa44,1,3,88890
all-mldsa44,1,4,89398
all-mldsa44,1,5,91212
all-mldsa44,1,6,90306
all-mldsa44,1,7,91061
all-mldsa44,1,8,90147
all-mldsa44,1,9,88602
all-mldsa44,1,10,91492
all-mldsa44,1,11,90539
all-mldsa44,1,12,90294
all-mldsa44,1,13,90315
all-mldsa44,1,14,91369
all-mldsa44,1,15,90511
all-mldsa44,1,16,90508
all-mldsa44,1,17,91617
all-mldsa44,1,18,90409
all-mldsa44,1,19,104214
all-mldsa44,1,20,92004
all-mldsa44,1,21,90275
all-mldsa44,1,22,94850
all-mldsa44,1,23,92650
all-mldsa44,1,24,90691
all-mldsa44,1,25,91160
all-mldsa44,1,26,91833
all-mldsa44,1,27,89680
all-mldsa44,1,28,90139
all-mldsa44,1,29,89752
all-mldsa44,1,30,88509
all-mldsa44,1,31,88700
all-mldsa44,1,32,91415
all-mldsa44,1,33,87762
all-mldsa44,1,34,90369
all-mldsa44,1,35,89562
all-mldsa44,1,36,89598
all-mldsa44,1,37,90501
all-mldsa44,1,38,91071
all-mldsa44,1,39,89229
all-mldsa44,1,40,88325
all-mldsa44,1,41,88960
all-mldsa44,1,42,88686
all-mldsa44,1,43,96998
all-mldsa44,1,44,91840
all-mldsa44,1,45,89198
all-mldsa44,1,46,88599
all-mldsa44,1,47,88108
all-mldsa44,1,48,90722
all-mldsa44,1,49,91261
all-mldsa44,1,50,90991
all-mldsa44,2,0,120385
all-mldsa44,2,1,123570
all-mldsa44,2,2,120325
all-mldsa44,2,3,121313
all-mldsa44,2,4,121052
all-mldsa44,2,5,124085
all-mldsa44,2,6,121840
all-mldsa44,2,7,121424
all-mldsa44,2,8,134798
all-mldsa44,2,9,124088
all-mldsa44,2,10,119447
all-mldsa44,2,11,118418
all-mldsa44,2,12,126558
all-mldsa44,2,13,122613
all-mldsa44,2,14,118544
all-mldsa44,2,15,120336
all-mldsa44,2,16,119185
all-mldsa44,2,17,121400
all-mldsa44,2,18,119728
all-mldsa44,2,19,121912
all-mldsa44,2,20,120851
all-mldsa44,2,21,119412
all-mldsa44,2,22,119046
all-mldsa44,2,23,121243
all-mldsa44,2,24,120896
all-mldsa44,2,25,117762
all-mldsa44,2,26,122055
all-mldsa44,2,27,133082
all-mldsa44,2,28,126735
all-mldsa44,2,29,128368
all-mldsa44,2,30,126370
all-mldsa44,2,31,123018
all-mldsa44,2,32,120017
all-mldsa44,2,33,122282
all-mldsa44,2,34,121772
all-mldsa44,2,35,121187
all-mldsa44,2,36,124895
all-mldsa44,2,37,126133
all-mldsa44,2,38,121345
all-mldsa44,2,39,122199
all-mldsa44,2,40,120771
all-mldsa44,2,41,121691
all-mldsa44,2,42,119042
all-mldsa44,2,43,122014
all-mldsa44,2,44,122327
all-mldsa44,2,45,119923
all-mldsa44,2,46,121259
all-mldsa44,2,47,119076
all-mldsa44,2,48,130206
all-mldsa44,2,49,126173
all-mldsa44,2,50,123631
all-mldsa44,5,0,220319
all-mldsa44,5,1,217771
all-mldsa44,5,2,230300
all-mldsa44,5,3,216347
all-mldsa44,5,4,218051
all-mldsa44,5,5,210448
all-mldsa44,5,6,210994
all-mldsa44,5,7,211076
all-mldsa44,5,8,209988
all-mldsa44,5,9,222506
all-mldsa44,5,10,216192
all-mldsa44,5,11,220923
all-mldsa44,5,12,222292
all-mldsa44,5,13,222476
all-mldsa44,5,14,219062
all-mldsa44,5,15,218698
all-mldsa44,5,16,216049
all-mldsa44,5,17,215620
all-mldsa44,5,18,218734
all-mldsa44,5,19,215858
all-mldsa44,5,20,217557
all-mldsa44,5,21,217069
all-mldsa44,5,22,224179
all-mldsa44,5,23,219325
all-mldsa44,5,24,219321
all-mldsa44,5,25,217343
all-mldsa44,5,26,218292
all-mldsa44,5,27,215074
all-mldsa44,5,28,212609
all-mldsa44,5,29,221002
all-mldsa44,5,30,222158
all-mldsa44,5,31,218763
all-mldsa44,5,32,226149
all-mldsa44,5,33,220147
all-mldsa44,5,34,217672
all-mldsa44,5,35,214750
all-mldsa44,5,36,217106
all-mldsa44,5,37,215558
all-mldsa44,5,38,218133
all-mldsa44,5,39,215074
all-mldsa44,5,40,216837
all-mldsa44,5,41,217315
all-mldsa44,5,42,224633
all-mldsa44,5,43,218403
all-mldsa44,5,44,216281
all-mldsa44,5,45,217372
all-mldsa44,5,46,218630
all-mldsa44,5,47,221750
all-mldsa44,5,48,216327
all-mldsa44,5,49,217306
all-mldsa44,5,50,226375
all-mldsa44,10,0,382730
all-mldsa44,10,1,376304
all-mldsa44,10,2,373267
all-mldsa44,10,3,383217
all-mldsa44,10,4,415621
all-mldsa44,10,5,383744
all-mldsa44,10,6,382468
all-mldsa44,10,7,371106
all-mldsa44,10,8,362559
all-mldsa44,10,9,377701
all-mldsa44,10,10,379197
all-mldsa44,10,11,375944
all-mldsa44,10,12,373467
all-mldsa44,10,13,380670
all-mldsa44,10,14,385510
all-mldsa44,10,15,376229
all-mldsa44,10,16,379753
all-mldsa44,10,17,376077
all-mldsa44,10,18,372996
all-mldsa44,10,19,380299
all-mldsa44,10,20,374288
all-mldsa44,10,21,372481
all-mldsa44,10,22,370666
all-mldsa44,10,23,370071
all-mldsa44,10,24,379209
all-mldsa44,10,25,387601
all-mldsa44,10,26,378378
all-mldsa44,10,27,377597
all-mldsa44,10,28,389442
all-mldsa44,10,29,385336
all-mldsa44,10,30,378395
all-mldsa44,10,31,372119
all-mldsa44,10,32,373551
all-mldsa44,10,33,375338
all-mldsa44,10,34,375450
all-mldsa44,10,35,383937
all-mldsa44,10,36,372811
all-mldsa44,10,37,392891
all-mldsa44,10,38,377323
all-mldsa44,10,39,378393
all-mldsa44,10,40,373779
all-mldsa44,10,41,382841
all-mldsa44,10,42,374416
all-mldsa44,10,43,377382
all-mldsa44,10,44,377070
all-mldsa44,10,45,373200
all-mldsa44,10,46,380911
all-mldsa44,10,47,375363
all-mldsa44,10,48,377875
all-mldsa44,10,49,379274
all-mldsa44,10,50,393579
all-mldsa44,20,0,716949
all-mldsa44,20,1,718575
all-mldsa44,20,2,719768
all-mldsa44,20,3,701305
all-mldsa44,20,4,696678
all-mldsa44,20,5,704819
all-mldsa44,20,6,711380
all-mldsa44,20,7,701242
all-mldsa44,20,8,688886
all-mldsa44,20,9,701250
all-mldsa44,20,10,696440
all-mldsa44,20,11,694095
all-mldsa44,20,12,740078
all-mldsa44,20,13,712905
all-mldsa44,20,14,692448
all-mldsa44,20,15,703485
all-mldsa44,20,16,693852
all-mldsa44,20,17,694894
all-mldsa44,20,18,698321
all-mldsa44,20,19,729323
all-mldsa44,20,20,685178
all-mldsa44,20,21,690398
all-mldsa44,20,22,667810
all-mldsa44,20,23,660511
all-mldsa44,20,24,660011
all-mldsa44,20,25,708828
all-mldsa44,20,26,678657
all-mldsa44,20,27,676561
all-mldsa44,20,28,693136
all-mldsa44,20,29,672497
all-mldsa44,20,30,685003
all-mldsa44,20,31,680539
all-mldsa44,20,32,690408
all-mldsa44,20,33,684699
all-mldsa44,20,34,689962
all-mldsa44,20,35,681968
all-mldsa44,20,36,681886
all-mldsa44,20,37,795443
all-mldsa44,20,38,737596
all-mldsa44,20,39,721882
all-mldsa44,20,40,802929
all-mldsa44,20,41,709157
all-mldsa44,20,42,692526
all-mldsa44,20,43,672981
all-mldsa44,20,44,670558
all-mldsa44,20,45,686834
all-mldsa44,20,46,687023
all-mldsa44,20,47,674013
all-mldsa44,20,48,686656
all-mldsa44,20,49,671648
all-mldsa44,20,50,687277
all-fndsa512,0,0,65501
all-fndsa512,0,1,66788
all-fndsa512,0,2,66522
all-fndsa512,0,3,67170
all-fndsa512,0,4,65692
all-fndsa512,0,5,64415
all-fndsa512,0,6,82048
all-fndsa512,0,7,68026
all-fndsa512,0,8,67446
all-fndsa512,0,9,74378
all-fndsa512,0,10,65878
all-fndsa512,0,11,63720
all-fndsa512,0,12,63818
all-fndsa512,0,13,63621
all-fndsa512,0,14,63252
all-fndsa512,0,15,63951
all-fndsa512,0,16,64618
all-fndsa512,0,17,64022
all-fndsa512,0,18,63191
all-fndsa512,0,19,63352
all-fndsa512,0,20,63924
all-fndsa512,0,21,65431
all-fndsa512,0,22,67281
all-fndsa512,0,23,67157
all-fndsa512,0,24,65674
all-fndsa512,0,25,64552
all-fndsa512,0,26,64774
all-fndsa512,0,27,64584
all-fndsa512,0,28,65607
all-fndsa512,0,29,64901
all-fndsa512,0,30,64671
all-fndsa512,0,31,65214
all-fndsa512,0,32,64924
all-fndsa512,0,33,65762
all-fndsa512,0,34,64678
all-fndsa512,0,35,65635
all-fndsa512,0,36,65025
all-fndsa512,0,37,64933
all-fndsa512,0,38,64481
all-fndsa512,0,39,65528
all-fndsa512,0,40,65471
all-fndsa512,0,41,64647
all-fndsa512,0,42,72990
all-fndsa512,0,43,65781
all-fndsa512,0,44,65648
all-fndsa512,0,45,65135
all-fndsa512,0,46,66436
all-fndsa512,0,47,64962
all-fndsa512,0,48,64796
all-fndsa512,0,49,64591
all-fndsa512,0,50,64182
all-fndsa512,1,0,238409
all-fndsa512,1,1,101584
all-fndsa512,1,2,100332
all-fndsa512,1,3,98507
all-fndsa512,1,4,99418
all-fndsa512,1,5,98510
all-fndsa512,1,6,99519
all-fndsa512,1,7,98525
all-fndsa512,1,8,105002
all-fndsa512,1,9,101819
all-fndsa512,1,10,103035
all-fndsa512,1,11,98996
all-fndsa512,1,12,99607
all-fndsa512,1,13,122435
all-fndsa512,1,14,100142
all-fndsa512,1,15,98431
all-fndsa512,1,16,98863
all-fndsa512,1,17,99077
all-fndsa512,1,18,97481
all-fndsa512,1,19,99097
all-fndsa512,1,20,99030
all-fndsa512,1,21,104750
all-fndsa512,1,22,176622
all-fndsa512,1,23,110831
all-fndsa512,1,24,101703
all-fndsa512,1,25,101150
all-fndsa512,1,26,99929
all-fndsa512,1,27,98248
all-fndsa512,1,28,97849
all-fndsa512,1,29,99842
all-fndsa512,1,30,98917
all-fndsa512,1,31,98995
all-fndsa512,1,32,98831
all-fndsa512,1,33,97696
all-fndsa512,1,34,99645
all-fndsa512,1,35,98307
all-fndsa512,1,36,99189
all-fndsa512,1,37,98466
all-fndsa512,1,38,98514
all-fndsa512,1,39,98354
all-fndsa512,1,40,111828
all-fndsa512,1,41,101037
all-fndsa512,1,42,98352
all-fndsa512,1,43,97790
all-fndsa512,1,44,99678
all-fndsa512,1,45,97571
all-fndsa512,1,46,100235
all-fndsa512,1,47,97910
all-fndsa512,1,48,98090
all-fndsa512,1,49,97920
all-fndsa512,1,50,97919
all-fndsa512,2,0,132487
all-fndsa512,2,1,131193
all-fndsa512,2,2,130055
all-fndsa512,2,3,140318
all-fndsa512,2,4,135443
all-fndsa512,2,5,131992
all-fndsa512,2,6,133195
all-fndsa512,2,7,130713
all-fndsa512,2,8,132108
all-fndsa512,2,9,131485
all-fndsa512,2,10,130748
all-fndsa512,2,11,131362
all-fndsa512,2,12,131909
all-fndsa512,2,13,130787
all-fndsa512,2,14,130510
all-fndsa512,2,15,132790
all-fndsa512,2,16,131493
all-fndsa512,2,17,132831
all-fndsa512,2,18,130669
all-fndsa512,2,19,144957
all-fndsa512,2,20,131491
all-fndsa512,2,21,132829
all-fndsa512,2,22,130178
all-fndsa512,2,23,131356
all-fndsa512,2,24,131339
all-fndsa512,2,25,130877
all-fndsa512,2,26,130550
all-fndsa512,2,27,132464
all-fndsa512,2,28,131229
all-fndsa512,2,29,131621
all-fndsa512,2,30,130377
all-fndsa512,2,31,130738
all-fndsa512,2,32,131786
all-fndsa512,2,33,139915
all-fndsa512,2,34,132875
all-fndsa512,2,35,145652
all-fndsa512,2,36,132007
all-fndsa512,2,37,130040
all-fndsa512,2,38,131482
all-fndsa512,2,39,130844
all-fndsa512,2,40,129640
all-fndsa512,2,41,131158
all-fndsa512,2,42,130168
all-fndsa512,2,43,132375
all-fndsa512,2,44,130741
all-fndsa512,2,45,130601
all-fndsa512,2,46,131050
all-fndsa512,2,47,129498
all-fndsa512,2,48,129134
all-fndsa512,2,49,141882
all-fndsa512,2,50,132478
all-fndsa512,5,0,260582
all-fndsa512,5,1,252635
all-fndsa512,5,2,252642
all-fndsa512,5,3,247389
all-fndsa512,5,4,243089
all-fndsa512,5,5,241015
all-fndsa512,5,6,239626
all-fndsa512,5,7,238450
all-fndsa512,5,8,239149
all-fndsa512,5,9,254041
all-fndsa512,5,10,255549
all-fndsa512,5,11,241970
all-fndsa512,5,12,239563
all-fndsa512,5,13,239864
all-fndsa512,5,14,238929
all-fndsa512,5,15,248290
all-fndsa512,5,16,243294
all-fndsa512,5,17,243891
all-fndsa512,5,18,271003
all-fndsa512,5,19,244249
all-fndsa512,5,20,242648
all-fndsa512,5,21,249055
all-fndsa512,5,22,247263
all-fndsa512,5,23,242547
all-fndsa512,5,24,240299
all-fndsa512,5,25,240295
all-fndsa512,5,26,255473
all-fndsa512,5,27,243355
all-fndsa512,5,28,241007
all-fndsa512,5,29,244805
all-fndsa512,5,30,240917
all-fndsa512,5,31,243632
all-fndsa512,5,32,244951
all-fndsa512,5,33,255180
all-fndsa512,5,34,245107
all-fndsa512,5,35,242583
all-fndsa512,5,36,246030
all-fndsa512,5,37,246477
all-fndsa512,5,38,243246
all-fndsa512,5,39,241195
all-fndsa512,5,40,246587
all-fndsa512,5,41,245051
all-fndsa512,5,42,258402
all-fndsa512,5,43,245534
all-fndsa512,5,44,243222
all-fndsa512,5,45,244677
all-fndsa512,5,46,240648
all-fndsa512,5,47,248672
all-fndsa512,5,48,246325
all-fndsa512,5,49,243636
all-fndsa512,5,50,255678
all-fndsa512,10,0,436145
all-fndsa512,10,1,433105
all-fndsa512,10,2,431243
all-fndsa512,10,3,448103
all-fndsa512,10,4,454461
all-fndsa512,10,5,434043
all-fndsa512,10,6,448610
all-fndsa512,10,7,434335
all-fndsa512,10,8,444055
all-fndsa512,10,9,432656
all-fndsa512,10,10,432165
all-fndsa512,10,11,424242
all-fndsa512,10,12,435723
all-fndsa512,10,13,431442
all-fndsa512,10,14,425104
all-fndsa512,10,15,422726
all-fndsa512,10,16,420013
all-fndsa512,10,17,419979
all-fndsa512,10,18,431508
all-fndsa512,10,19,434754
all-fndsa512,10,20,445415
all-fndsa512,10,21,495507
all-fndsa512,10,22,440799
all-fndsa512,10,23,427386
all-fndsa512,10,24,426780
all-fndsa512,10,25,420283
all-fndsa512,10,26,424030
all-fndsa512,10,27,431618
all-fndsa512,10,28,421537
all-fndsa512,10,29,419077
all-fndsa512,10,30,428003
all-fndsa512,10,31,420341
all-fndsa512,10,32,437642
all-fndsa512,10,33,422430
all-fndsa512,10,34,420565
all-fndsa512,10,35,420829
all-fndsa512,10,36,421002
all-fndsa512,10,37,429838
all-fndsa512,10,38,422723
all-fndsa512,10,39,424518
all-fndsa512,10,40,422716
all-fndsa512,10,41,417601
all-fndsa512,10,42,427218
all-fndsa512,10,43,421421
all-fndsa512,10,44,421174
all-fndsa512,10,45,417666
all-fndsa512,10,46,434776
all-fndsa512,10,47,431722
all-fndsa512,10,48,425002
all-fndsa512,10,49,424781
all-fndsa512,10,50,418726
all-fndsa512,20,0,803183
all-fndsa512,20,1,805361
all-fndsa512,20,2,795237
all-fndsa512,20,3,794184
all-fndsa512,20,4,799163
all-fndsa512,20,5,791365
all-fndsa512,20,6,786722
all-fndsa512,20,7,785089
all-fndsa512,20,8,795215
all-fndsa512,20,9,783864
all-fndsa512,20,10,799468
all-fndsa512,20,11,783588
all-fndsa512,20,12,780925
all-fndsa512,20,13,791676
all-fndsa512,20,14,784136
all-fndsa512,20,15,792266
all-fndsa512,20,16,792106
all-fndsa512,20,17,799379
all-fndsa512,20,18,830550
all-fndsa512,20,19,801557
all-fndsa512,20,20,826521
all-fndsa512,20,21,795496
all-fndsa512,20,22,795948
all-fndsa512,20,23,817594
all-fndsa512,20,24,795666
all-fndsa512,20,25,801940
all-fndsa512,20,26,791065
all-fndsa512,20,27,784752
all-fndsa512,20,28,800896
all-fndsa512,20,29,803888
all-fndsa512,20,30,800656
all-fndsa512,20,31,783763
all-fndsa512,20,32,776771
all-fndsa512,20,33,789676
all-fndsa512,20,34,780083
all-fndsa512,20,35,793893
all-fndsa512,20,36,780789
all-fndsa512,20,37,776396
all-fndsa512,20,38,789955
all-fndsa512,20,39,802872
all-fndsa512,20,40,832942
all-fndsa512,20,41,923588
all-fndsa512,20,42,814243
all-fndsa512,20,43,824917
all-fndsa512,20,44,815364
all-fndsa512,20,45,844247
all-fndsa512,20,46,817158
all-fndsa512,20,47,805123
all-fndsa512,20,48,836251
all-fndsa512,20,49,805985
all-fndsa512,20,50,821511
hybrid-ed-mldsa44,0,0,148150
hybrid-ed-mldsa44,0,1,139589
hybrid-ed-mldsa44,0,2,137727
hybrid-ed-mldsa44,0,3,137015
hybrid-ed-mldsa44,0,4,136820
hybrid-ed-mldsa44,0,5,136378
hybrid-ed-mldsa44,0,6,136908
hybrid-ed-mldsa44,0,7,137257
hybrid-ed-mldsa44,0,8,136967
hybrid-ed-mldsa44,0,9,138047
hybrid-ed-mldsa44,0,10,136922
hybrid-ed-mldsa44,0,11,138492
hybrid-ed-mldsa44,0,12,141582
hybrid-ed-mldsa44,0,13,138397
hybrid-ed-mldsa44,0,14,135596
hybrid-ed-mldsa44,0,15,146642
hybrid-ed-mldsa44,0,16,151892
hybrid-ed-mldsa44,0,17,141400
hybrid-ed-mldsa44,0,18,136118
hybrid-ed-mldsa44,0,19,136309
hybrid-ed-mldsa44,0,20,136007
hybrid-ed-mldsa44,0,21,136427
hybrid-ed-mldsa44,0,22,136409
hybrid-ed-mldsa44,0,23,136638
hybrid-ed-mldsa44,0,24,137616
hybrid-ed-mldsa44,0,25,137021
hybrid-ed-mldsa44,0,26,135379
hybrid-ed-mldsa44,0,27,138698
hybrid-ed-mldsa44,0,28,135267
hybrid-ed-mldsa44,0,29,134803
hybrid-ed-mldsa44,0,30,136934
hybrid-ed-mldsa44,0,31,147060
hybrid-ed-mldsa44,0,32,139603
hybrid-ed-mldsa44,0,33,138053
hybrid-ed-mldsa44,0,34,137825
hybrid-ed-mldsa44,0,35,138057
hybrid-ed-mldsa44,0,36,140003
hybrid-ed-mldsa44,0,37,137905
hybrid-ed-mldsa44,0,38,137367
hybrid-ed-mldsa44,0,39,136980
hybrid-ed-mldsa44,0,40,134625
hybrid-ed-mldsa44,0,41,139807
hybrid-ed-mldsa44,0,42,134043
hybrid-ed-mldsa44,0,43,133785
hybrid-ed-mldsa44,0,44,134762
hybrid-ed-mldsa44,0,45,147691
hybrid-ed-mldsa44,0,46,144257
hybrid-ed-mldsa44,0,47,138474
hybrid-ed-mldsa44,0,48,134327
hybrid-ed-mldsa44,0,49,133881
hybrid-ed-mldsa44,0,50,134393
hybrid-ed-mldsa44,1,0,209031
hybrid-ed-mldsa44,1,1,207878
hybrid-ed-mldsa44,1,2,220934
hybrid-ed-mldsa44,1,3,214752
hybrid-ed-mldsa44,1,4,208029
hybrid-ed-mldsa44,1,5,209258
hybrid-ed-mldsa44,1,6,207884
hybrid-ed-mldsa44,1,7,208564
hybrid-ed-mldsa44,1,8,210985
hybrid-ed-mldsa44,1,9,208187
hybrid-ed-mldsa44,1,10,208565
hybrid-ed-mldsa44,1,11,207255
hybrid-ed-mldsa44,1,12,209626
hybrid-ed-mldsa44,1,13,220745
hybrid-ed-mldsa44,1,14,211361
hybrid-ed-mldsa44,1,15,220327
hybrid-ed-mldsa44,1,16,209878
hybrid-ed-mldsa44,1,17,208655
hybrid-ed-mldsa44,1,18,213614
hybrid-ed-mldsa44,1,19,209055
hybrid-ed-mldsa44,1,20,209098
hybrid-ed-mldsa44,1,21,214937
hybrid-ed-mldsa44,1,22,213912
hybrid-ed-mldsa44,1,23,208976
hybrid-ed-mldsa44,1,24,207370
hybrid-ed-mldsa44,1,25,209923
hybrid-ed-mldsa44,1,26,208731
hybrid-ed-mldsa44,1,27,208468
hybrid-ed-mldsa44,1,28,208705
hybrid-ed-mldsa44,1,29,209607
hybrid-ed-mldsa44,1,30,215358
hybrid-ed-mldsa44,1,31,216088
hybrid-ed-mldsa44,1,32,208500
hybrid-ed-mldsa44,1,33,208676
hybrid-ed-mldsa44,1,34,208068
hybrid-ed-mldsa44,1,35,207170
hybrid-ed-mldsa44,1,36,210832
hybrid-ed-mldsa44,1,37,229350
hybrid-ed-mldsa44,1,38,208207
hybrid-ed-mldsa44,1,39,214372
hybrid-ed-mldsa44,1,40,211237
hybrid-ed-mldsa44,1,41,208785
hybrid-ed-mldsa44,1,42,207646
hybrid-ed-mldsa44,1,43,207999
hybrid-ed-mldsa44,1,44,207575
hybrid-ed-mldsa44,1,45,207394
hybrid-ed-mldsa44,1,46,216386
hybrid-ed-mldsa44,1,47,210632
hybrid-ed-mldsa44,1,48,215114
hybrid-ed-mldsa44,1,49,209964
hybrid-ed-mldsa44,1,50,207475
hybrid-ed-mldsa44,2,0,291642
hybrid-ed-mldsa44,2,1,281537
hybrid-ed-mldsa44,2,2,283133
hybrid-ed-mldsa44,2,3,286961
hybrid-ed-mldsa44,2,4,291565
hybrid-ed-mldsa44,2,5,330326
hybrid-ed-mldsa44,2,6,305876
hybrid-ed-mldsa44,2,7,410583
hybrid-ed-mldsa44,2,8,292847
hybrid-ed-mldsa44,2,9,291656
hybrid-ed-mldsa44,2,10,287846
hybrid-ed-mldsa44,2,11,281726
hybrid-ed-mldsa44,2,12,283422
hybrid-ed-mldsa44,2,13,432075
hybrid-ed-mldsa44,2,14,291263
hybrid-ed-mldsa44,2,15,286893
hybrid-ed-mldsa44,2,16,284530
hybrid-ed-mldsa44,2,17,294297
hybrid-ed-mldsa44,2,18,283773
hybrid-ed-mldsa44,2,19,283705
hybrid-ed-mldsa44,2,20,365212
hybrid-ed-mldsa44,2,21,282015
hybrid-ed-mldsa44,2,22,282922
hybrid-ed-mldsa44,2,23,278449
hybrid-ed-mldsa44,2,24,277566
hybrid-ed-mldsa44,2,25,278634
hybrid-ed-mldsa44,2,26,297871
hybrid-ed-mldsa44,2,27,278528
hybrid-ed-mldsa44,2,28,282907
hybrid-ed-mldsa44,2,29,294282
hybrid-ed-mldsa44,2,30,279926
hybrid-ed-mldsa44,2,31,288643
hybrid-ed-mldsa44,2,32,282989
hybrid-ed-mldsa44,2,33,278440
hybrid-ed-mldsa44,2,34,288326
hybrid-ed-mldsa44,2,35,278114
hybrid-ed-mldsa44,2,36,276378
hybrid-ed-mldsa44,2,37,282082
hybrid-ed-mldsa44,2,38,276374
hybrid-ed-mldsa44,2,39,276473
hybrid-ed-mldsa44,2,40,276882
hybrid-ed-mldsa44,2,41,281263
hybrid-ed-mldsa44,2,42,280861
hybrid-ed-mldsa44,2,43,281684
hybrid-ed-mldsa44,2,44,278807
hybrid-ed-mldsa44,2,45,292898
hybrid-ed-mldsa44,2,46,278076
hybrid-ed-mldsa44,2,47,277465
hybrid-ed-mldsa44,2,48,284562
hybrid-ed-mldsa44,2,49,288729
hybrid-ed-mldsa44,2,50,279326
hybrid-ed-mldsa44,5,0,515277
hybrid-ed-mldsa44,5,1,498590
hybrid-ed-mldsa44,5,2,516460
hybrid-ed-mldsa44,5,3,499610
hybrid-ed-mldsa44,5,4,499466
hybrid-ed-mldsa44,5,5,500564
hybrid-ed-mldsa44,5,6,507375
hybrid-ed-mldsa44,5,7,495610
hybrid-ed-mldsa44,5,8,505956
hybrid-ed-mldsa44,5,9,504612
hybrid-ed-mldsa44,5,10,513791
hybrid-ed-mldsa44,5,11,510662
hybrid-ed-mldsa44,5,12,501564
hybrid-ed-mldsa44,5,13,501045
hybrid-ed-mldsa44,5,14,515128
hybrid-ed-mldsa44,5,15,501804
hybrid-ed-mldsa44,5,16,506175
hybrid-ed-mldsa44,5,17,505675
hybrid-ed-mldsa44,5,18,511172
hybrid-ed-mldsa44,5,19,495290
hybrid-ed-mldsa44,5,20,497799
hybrid-ed-mldsa44,5,21,494388
hybrid-ed-mldsa44,5,22,517099
hybrid-ed-mldsa44,5,23,496139
hybrid-ed-mldsa44,5,24,506117
hybrid-ed-mldsa44,5,25,498425
hybrid-ed-mldsa44,5,26,510682
hybrid-ed-mldsa44,5,27,503246
hybrid-ed-mldsa44,5,28,494539
hybrid-ed-mldsa44,5,29,496384
hybrid-ed-mldsa44,5,30,510602
hybrid-ed-mldsa44,5,31,504026
hybrid-ed-mldsa44,5,32,529250
hybrid-ed-mldsa44,5,33,522637
hybrid-ed-mldsa44,5,34,544739
hybrid-ed-mldsa44,5,35,612570
hybrid-ed-mldsa44,5,36,523947
hybrid-ed-mldsa44,5,37,514998
hybrid-ed-mldsa44,5,38,525302
hybrid-ed-mldsa44,5,39,525590
hybrid-ed-mldsa44,5,40,507409
hybrid-ed-mldsa44,5,41,507708
hybrid-ed-mldsa44,5,42,516967
hybrid-ed-mldsa44,5,43,508527
hybrid-ed-mldsa44,5,44,506404
hybrid-ed-mldsa44,5,45,520690
hybrid-ed-mldsa44,5,46,511789
hybrid-ed-mldsa44,5,47,523650
hybrid-ed-mldsa44,5,48,507857
hybrid-ed-mldsa44,5,49,508920
hybrid-ed-mldsa44,5,50,506363
hybrid-ed-mldsa44,10,0,888371
hybrid-ed-mldsa44,10,1,898446
hybrid-ed-mldsa44,10,2,891667
hybrid-ed-mldsa44,10,3,916530
hybrid-ed-mldsa44,10,4,898246
hybrid-ed-mldsa44,10,5,885540
hybrid-ed-mldsa44,10,6,902639
hybrid-ed-mldsa44,10,7,891214
hybrid-ed-mldsa44,10,8,901515
hybrid-ed-mldsa44,10,9,912469
hybrid-ed-mldsa44,10,10,906772
hybrid-ed-mldsa44,10,11,921426
hybrid-ed-mldsa44,10,12,907002
hybrid-ed-mldsa44,10,13,914029
hybrid-ed-mldsa44,10,14,883666
hybrid-ed-mldsa44,10,15,897931
hybrid-ed-mldsa44,10,16,900124
hybrid-ed-mldsa44,10,17,917195
hybrid-ed-mldsa44,10,18,895610
hybrid-ed-mldsa44,10,19,898487
hybrid-ed-mldsa44,10,20,911260
hybrid-ed-mldsa44,10,21,892613
hybrid-ed-mldsa44,10,22,890137
hybrid-ed-mldsa44,10,23,877148
hybrid-ed-mldsa44,10,24,907876
hybrid-ed-mldsa44,10,25,897603
hybrid-ed-mldsa44,10,26,892736
hybrid-ed-mldsa44,10,27,892404
hybrid-ed-mldsa44,10,28,890627
hybrid-ed-mldsa44,10,29,893404
hybrid-ed-mldsa44,10,30,883279
hybrid-ed-mldsa44,10,31,894030
hybrid-ed-mldsa44,10,32,880357
hybrid-ed-mldsa44,10,33,901899
hybrid-ed-mldsa44,10,34,887507
hybrid-ed-mldsa44,10,35,892922
hybrid-ed-mldsa44,10,36,888377
hybrid-ed-mldsa44,10,37,905618
hybrid-ed-mldsa44,10,38,901307
hybrid-ed-mldsa44,10,39,883732
hybrid-ed-mldsa44,10,40,879796
hybrid-ed-mldsa44,10,41,871545
hybrid-ed-mldsa44,10,42,877847
hybrid-ed-mldsa44,10,43,875530
hybrid-ed-mldsa44,10,44,878707
hybrid-ed-mldsa44,10,45,887135
hybrid-ed-mldsa44,10,46,868975
hybrid-ed-mldsa44,10,47,885169
hybrid-ed-mldsa44,10,48,865262
hybrid-ed-mldsa44,10,49,872713
hybrid-ed-mldsa44,10,50,865744
hybrid-ed-mldsa44,20,0,1626382
hybrid-ed-mldsa44,20,1,1671941
hybrid-ed-mldsa44,20,2,1686598
hybrid-ed-mldsa44,20,3,1616481
hybrid-ed-mldsa44,20,4,1617978
hybrid-ed-mldsa44,20,5,1647347
hybrid-ed-mldsa44,20,6,1643680
hybrid-ed-mldsa44,20,7,1649751
hybrid-ed-mldsa44,20,8,1650258
hybrid-ed-mldsa44,20,9,1661527
hybrid-ed-mldsa44,20,10,1647662
hybrid-ed-mldsa44,20,11,1620768
hybrid-ed-mldsa44,20,12,1652737
hybrid-ed-mldsa44,20,13,1657139
hybrid-ed-mldsa44,20,14,1659413
hybrid-ed-mldsa44,20,15,1636462
hybrid-ed-mldsa44,20,16,1666313
hybrid-ed-mldsa44,20,17,1664252
hybrid-ed-mldsa44,20,18,1646099
hybrid-ed-mldsa44,20,19,1641667
hybrid-ed-mldsa44,20,20,1673571
hybrid-ed-mldsa44,20,21,1639378
hybrid-ed-mldsa44,20,22,1644353
hybrid-ed-mldsa44,20,23,1762345
hybrid-ed-mldsa44,20,24,1740191
hybrid-ed-mldsa44,20,25,1705990
hybrid-ed-mldsa44,20,26,1667768
hybrid-ed-mldsa44,20,27,1653668
hybrid-ed-mldsa44,20,28,1650202
hybrid-ed-mldsa44,20,29,1700909
hybrid-ed-mldsa44,20,30,1642111
hybrid-ed-mldsa44,20,31,1658991
hybrid-ed-mldsa44,20,32,1644780
hybrid-ed-mldsa44,20,33,1652221
hybrid-ed-mldsa44,20,34,1726854
hybrid-ed-mldsa44,20,35,1707244
hybrid-ed-mldsa44,20,36,1722357
hybrid-ed-mldsa44,20,37,1717011
hybrid-ed-mldsa44,20,38,1708241
hybrid-ed-mldsa44,20,39,1719560
hybrid-ed-mldsa44,20,40,1661048
hybrid-ed-mldsa44,20,41,1650467
hybrid-ed-mldsa44,20,42,1660195
hybrid-ed-mldsa44,20,43,1648703
hybrid-ed-mldsa44,20,44,1643758
hybrid-ed-mldsa44,20,45,1832233
hybrid-ed-mldsa44,20,46,1721361
hybrid-ed-mldsa44,20,47,1666288
hybrid-ed-mldsa44,20,48,1664192
hybrid-ed-mldsa44,20,49,1654392
hybrid-ed-mldsa44,20,50,1663688
hybrid-ed-fndsa512,0,0,143198
hybrid-ed-fndsa512,0,1,139508
hybrid-ed-fndsa512,0,2,139640
hybrid-ed-fndsa512,0,3,143207
hybrid-ed-fndsa512,0,4,138735
hybrid-ed-fndsa512,0,5,139592
hybrid-ed-fndsa512,0,6,153742
hybrid-ed-fndsa512,0,7,167288
hybrid-ed-fndsa512,0,8,147933
hybrid-ed-fndsa512,0,9,140853
hybrid-ed-fndsa512,0,10,141727
hybrid-ed-fndsa512,0,11,140635
hybrid-ed-fndsa512,0,12,140849
hybrid-ed-fndsa512,0,13,139661
hybrid-ed-fndsa512,0,14,139186
hybrid-ed-fndsa512,0,15,139458
hybrid-ed-fndsa512,0,16,139389
hybrid-ed-fndsa512,0,17,138413
hybrid-ed-fndsa512,0,18,139028
hybrid-ed-fndsa512,0,19,139249
hybrid-ed-fndsa512,0,20,139582
hybrid-ed-fndsa512,0,21,152189
hybrid-ed-fndsa512,0,22,141378
hybrid-ed-fndsa512,0,23,161724
hybrid-ed-fndsa512,0,24,159509
hybrid-ed-fndsa512,0,25,142416
hybrid-ed-fndsa512,0,26,139984
hybrid-ed-fndsa512,0,27,139571
hybrid-ed-fndsa512,0,28,138766
hybrid-ed-fndsa512,0,29,138976
hybrid-ed-fndsa512,0,30,139098
hybrid-ed-fndsa512,0,31,140248
hybrid-ed-fndsa512,0,32,138894
hybrid-ed-fndsa512,0,33,139093
hybrid-ed-fndsa512,0,34,148587
hybrid-ed-fndsa512,0,35,142258
hybrid-ed-fndsa512,0,36,151031
hybrid-ed-fndsa512,0,37,139811
hybrid-ed-fndsa512,0,38,138844
hybrid-ed-fndsa512,0,39,139188
hybrid-ed-fndsa512,0,40,138850
hybrid-ed-fndsa512,0,41,138943
hybrid-ed-fndsa512,0,42,140522
hybrid-ed-fndsa512,0,43,138985
hybrid-ed-fndsa512,0,44,140617
hybrid-ed-fndsa512,0,45,139657
hybrid-ed-fndsa512,0,46,138722
hybrid-ed-fndsa512,0,47,138919
hybrid-ed-fndsa512,0,48,140716
hybrid-ed-fndsa512,0,49,139126
hybrid-ed-fndsa512,0,50,139454
hybrid-ed-fndsa512,1,0,211754
hybrid-ed-fndsa512,1,1,223221
hybrid-ed-fndsa512,1,2,213774
hybrid-ed-fndsa512,1,3,220324
hybrid-ed-fndsa512,1,4,213757
hybrid-ed-fndsa512,1,5,218927
hybrid-ed-fndsa512,1,6,218028
hybrid-ed-fndsa512,1,7,212916
hybrid-ed-fndsa512,1,8,231273
hybrid-ed-fndsa512,1,9,215197
hybrid-ed-fndsa512,1,10,210475
hybrid-ed-fndsa512,1,11,222075
hybrid-ed-fndsa512,1,12,213472
hybrid-ed-fndsa512,1,13,211907
hybrid-ed-fndsa512,1,14,211524
hybrid-ed-fndsa512,1,15,211846
hybrid-ed-fndsa512,1,16,213282
hybrid-ed-fndsa512,1,17,211463
hybrid-ed-fndsa512,1,18,212731
hybrid-ed-fndsa512,1,19,212641
hybrid-ed-fndsa512,1,20,222341
hybrid-ed-fndsa512,1,21,218657
hybrid-ed-fndsa512,1,22,212771
hybrid-ed-fndsa512,1,23,211499
hybrid-ed-fndsa512,1,24,212483
hybrid-ed-fndsa512,1,25,213858
hybrid-ed-fndsa512,1,26,226605
hybrid-ed-fndsa512,1,27,215858
hybrid-ed-fndsa512,1,28,212182
hybrid-ed-fndsa512,1,29,211775
hybrid-ed-fndsa512,1,30,221648
hybrid-ed-fndsa512,1,31,213168
hybrid-ed-fndsa512,1,32,211993
hybrid-ed-fndsa512,1,33,214275
hybrid-ed-fndsa512,1,34,211945
hybrid-ed-fndsa512,1,35,213414
hybrid-ed-fndsa512,1,36,211187
hybrid-ed-fndsa512,1,37,211114
hybrid-ed-fndsa512,1,38,213015
hybrid-ed-fndsa512,1,39,212639
hybrid-ed-fndsa512,1,40,241818
hybrid-ed-fndsa512,1,41,231057
hybrid-ed-fndsa512,1,42,213059
hybrid-ed-fndsa512,1,43,216437
hybrid-ed-fndsa512,1,44,225829
hybrid-ed-fndsa512,1,45,223235
hybrid-ed-fndsa512,1,46,228208
hybrid-ed-fndsa512,1,47,272112
hybrid-ed-fndsa512,1,48,233787
hybrid-ed-fndsa512,1,49,239893
hybrid-ed-fndsa512,1,50,222214
hybrid-ed-fndsa512,2,0,287582
hybrid-ed-fndsa512,2,1,286966
hybrid-ed-fndsa512,2,2,287197
hybrid-ed-fndsa512,2,3,288414
hybrid-ed-fndsa512,2,4,297749
hybrid-ed-fndsa512,2,5,295885
hybrid-ed-fndsa512,2,6,287707
hybrid-ed-fndsa512,2,7,286630
hybrid-ed-fndsa512,2,8,288112
hybrid-ed-fndsa512,2,9,287811
hybrid-ed-fndsa512,2,10,287729
hybrid-ed-fndsa512,2,11,297733
hybrid-ed-fndsa512,2,12,298963
hybrid-ed-fndsa512,2,13,288584
hybrid-ed-fndsa512,2,14,287961
hybrid-ed-fndsa512,2,15,286271
hybrid-ed-fndsa512,2,16,288328
hybrid-ed-fndsa512,2,17,286495
hybrid-ed-fndsa512,2,18,292561
hybrid-ed-fndsa512,2,19,298971
hybrid-ed-fndsa512,2,20,288616
hybrid-ed-fndsa512,2,21,285521
hybrid-ed-fndsa512,2,22,283975
hybrid-ed-fndsa512,2,23,285033
hybrid-ed-fndsa512,2,24,284536
hybrid-ed-fndsa512,2,25,286335
hybrid-ed-fndsa512,2,26,285693
hybrid-ed-fndsa512,2,27,306338
hybrid-ed-fndsa512,2,28,288750
hybrid-ed-fndsa512,2,29,286026
hybrid-ed-fndsa512,2,30,286683
hybrid-ed-fndsa512,2,31,288126
hybrid-ed-fndsa512,2,32,290054
hybrid-ed-fndsa512,2,33,299123
hybrid-ed-fndsa512,2,34,288427
hybrid-ed-fndsa512,2,35,286519
hybrid-ed-fndsa512,2,36,285576
hybrid-ed-fndsa512,2,37,286127
hybrid-ed-fndsa512,2,38,293899
hybrid-ed-fndsa512,2,39,285512
hybrid-ed-fndsa512,2,40,287182
hybrid-ed-fndsa512,2,41,295366
hybrid-ed-fndsa512,2,42,285944
hybrid-ed-fndsa512,2,43,285373
hybrid-ed-fndsa512,2,44,317038
hybrid-ed-fndsa512,2,45,289399
hybrid-ed-fndsa512,2,46,295170
hybrid-ed-fndsa512,2,47,285834
hybrid-ed-fndsa512,2,48,296648
hybrid-ed-fndsa512,2,49,303846
hybrid-ed-fndsa512,2,50,307602
hybrid-ed-fndsa512,5,0,521848
hybrid-ed-fndsa512,5,1,518656
hybrid-ed-fndsa512,5,2,518459
hybrid-ed-fndsa512,5,3,525025
hybrid-ed-fndsa512,5,4,532086
hybrid-ed-fndsa512,5,5,526559
hybrid-ed-fndsa512,5,6,525508
hybrid-ed-fndsa512,5,7,535754
hybrid-ed-fndsa512,5,8,519603
hybrid-ed-fndsa512,5,9,522263
hybrid-ed-fndsa512,5,10,517622
hybrid-ed-fndsa512,5,11,538136
hybrid-ed-fndsa512,5,12,536843
hybrid-ed-fndsa512,5,13,551799
hybrid-ed-fndsa512,5,14,521182
hybrid-ed-fndsa512,5,15,534443
hybrid-ed-fndsa512,5,16,517876
hybrid-ed-fndsa512,5,17,518889
hybrid-ed-fndsa512,5,18,531425
hybrid-ed-fndsa512,5,19,521641
hybrid-ed-fndsa512,5,20,519352
hybrid-ed-fndsa512,5,21,544024
hybrid-ed-fndsa512,5,22,538743
hybrid-ed-fndsa512,5,23,525624
hybrid-ed-fndsa512,5,24,516787
hybrid-ed-fndsa512,5,25,517747
hybrid-ed-fndsa512,5,26,528461
hybrid-ed-fndsa512,5,27,518621
hybrid-ed-fndsa512,5,28,523846
hybrid-ed-fndsa512,5,29,536721
hybrid-ed-fndsa512,5,30,531558
hybrid-ed-fndsa512,5,31,529123
hybrid-ed-fndsa512,5,32,524814
hybrid-ed-fndsa512,5,33,607146
hybrid-ed-fndsa512,5,34,549265
hybrid-ed-fndsa512,5,35,551497
hybrid-ed-fndsa512,5,36,528699
hybrid-ed-fndsa512,5,37,615921
hybrid-ed-fndsa512,5,38,529570
hybrid-ed-fndsa512,5,39,523556
hybrid-ed-fndsa512,5,40,545419
hybrid-ed-fndsa512,5,41,526757
hybrid-ed-fndsa512,5,42,525522
hybrid-ed-fndsa512,5,43,533186
hybrid-ed-fndsa512,5,44,535409
hybrid-ed-fndsa512,5,45,542696
hybrid-ed-fndsa512,5,46,559392
hybrid-ed-fndsa512,5,47,540257
hybrid-ed-fndsa512,5,48,565290
hybrid-ed-fndsa512,5,49,532851
hybrid-ed-fndsa512,5,50,532244
hybrid-ed-fndsa512,10,0,917385
hybrid-ed-fndsa512,10,1,905763
hybrid-ed-fndsa512,10,2,927836
hybrid-ed-fndsa512,10,3,932148
hybrid-ed-fndsa512,10,4,920978
hybrid-ed-fndsa512,10,5,906751
hybrid-ed-fndsa512,10,6,915615
hybrid-ed-fndsa512,10,7,907135
hybrid-ed-fndsa512,10,8,919365
hybrid-ed-fndsa512,10,9,921222
hybrid-ed-fndsa512,10,10,904397
hybrid-ed-fndsa512,10,11,919885
hybrid-ed-fndsa512,10,12,905663
hybrid-ed-fndsa512,10,13,931181
hybrid-ed-fndsa512,10,14,934581
hybrid-ed-fndsa512,10,15,918394
hybrid-ed-fndsa512,10,16,925598
hybrid-ed-fndsa512,10,17,912296
hybrid-ed-fndsa512,10,18,916954
hybrid-ed-fndsa512,10,19,906793
hybrid-ed-fndsa512,10,20,928424
hybrid-ed-fndsa512,10,21,908008
hybrid-ed-fndsa512,10,22,913241
hybrid-ed-fndsa512,10,23,906606
hybrid-ed-fndsa512,10,24,920992
hybrid-ed-fndsa512,10,25,914385
hybrid-ed-fndsa512,10,26,913016
hybrid-ed-fndsa512,10,27,905130
hybrid-ed-fndsa512,10,28,912771
hybrid-ed-fndsa512,10,29,930408
hybrid-ed-fndsa512,10,30,911822
hybrid-ed-fndsa512,10,31,917554
hybrid-ed-fndsa512,10,32,903706
hybrid-ed-fndsa512,10,33,916964
hybrid-ed-fndsa512,10,34,902043
hybrid-ed-fndsa512,10,35,923183
hybrid-ed-fndsa512,10,36,924800
hybrid-ed-fndsa512,10,37,931648
hybrid-ed-fndsa512,10,38,908095
hybrid-ed-fndsa512,10,39,905699
hybrid-ed-fndsa512,10,40,924978
hybrid-ed-fndsa512,10,41,923122
hybrid-ed-fndsa512,10,42,924944
hybrid-ed-fndsa512,10,43,910131
hybrid-ed-fndsa512,10,44,919247
hybrid-ed-fndsa512,10,45,901251
hybrid-ed-fndsa512,10,46,919028
hybrid-ed-fndsa512,10,47,921721
hybrid-ed-fndsa512,10,48,949603
hybrid-ed-fndsa512,10,49,910263
hybrid-ed-fndsa512,10,50,904705
hybrid-ed-fndsa512,20,0,1702908
hybrid-ed-fndsa512,20,1,1704569
hybrid-ed-fndsa512,20,2,1723724
hybrid-ed-fndsa512,20,3,1735832
hybrid-ed-fndsa512,20,4,1743024
hybrid-ed-fndsa512,20,5,1854947
hybrid-ed-fndsa512,20,6,1874965
hybrid-ed-fndsa512,20,7,1754585
hybrid-ed-fndsa512,20,8,1805222
hybrid-ed-fndsa512,20,9,1721882
hybrid-ed-fndsa512,20,10,1786192
hybrid-ed-fndsa512,20,11,1756768
hybrid-ed-fndsa512,20,12,1746887
hybrid-ed-fndsa512,20,13,1745415
hybrid-ed-fndsa512,20,14,1707991
hybrid-ed-fndsa512,20,15,1885280
hybrid-ed-fndsa512,20,16,1827801
hybrid-ed-fndsa512,20,17,1818872
hybrid-ed-fndsa512,20,18,1752620
hybrid-ed-fndsa512,20,19,1790708
hybrid-ed-fndsa512,20,20,1756914
hybrid-ed-fndsa512,20,21,1777330
hybrid-ed-fndsa512,20,22,1779190
hybrid-ed-fndsa512,20,23,1751415
hybrid-ed-fndsa512,20,24,1768763
hybrid-ed-fndsa512,20,25,1917060
hybrid-ed-fndsa512,20,26,1970550
hybrid-ed-fndsa512,20,27,1833355
hybrid-ed-fndsa512,20,28,1839836
hybrid-ed-fndsa512,20,29,1801120
hybrid-ed-fndsa512,20,30,1771269
hybrid-ed-fndsa512,20,31,1756995
hybrid-ed-fndsa512,20,32,1734260
hybrid-ed-fndsa512,20,33,1752622
hybrid-ed-fndsa512,20,34,1748325
hybrid-ed-fndsa512,20,35,1802063
hybrid-ed-fndsa512,20,36,1903280
hybrid-ed-fndsa512,20,37,1773485
hybrid-ed-fndsa512,20,38,1747013
hybrid-ed-fndsa512,20,39,1763732
hybrid-ed-fndsa512,20,40,1769831
hybrid-ed-fndsa512,20,41,1748661
hybrid-ed-fndsa512,20,42,1736852
hybrid-ed-fndsa512,20,43,1725812
hybrid-ed-fndsa512,20,44,1753561
hybrid-ed-fndsa512,20,45,1837834
hybrid-ed-fndsa512,20,46,1792821
hybrid-ed-fndsa512,20,47,1738121
hybrid-ed-fndsa512,20,48,1754239
hybrid-ed-fndsa512,20,49,1734223
hybrid-ed-fndsa512,20,50,1742275
mixed-mldsa87-root-fn,0,0,140878
mixed-mldsa87-root-fn,0,1,130772
mixed-mldsa87-root-fn,0,2,132821
mixed-mldsa87-root-fn,0,3,129409
mixed-mldsa87-root-fn,0,4,130096
mixed-mldsa87-root-fn,0,5,137602
mixed-mldsa87-root-fn,0,6,129668
mixed-mldsa87-root-fn,0,7,128733
mixed-mldsa87-root-fn,0,8,130096
mixed-mldsa87-root-fn,0,9,129302
mixed-mldsa87-root-fn,0,10,128397
mixed-mldsa87-root-fn,0,11,129277
mixed-mldsa87-root-fn,0,12,128475
mixed-mldsa87-root-fn,0,13,129105
mixed-mldsa87-root-fn,0,14,129166
mixed-mldsa87-root-fn,0,15,128231
mixed-mldsa87-root-fn,0,16,133369
mixed-mldsa87-root-fn,0,17,129761
mixed-mldsa87-root-fn,0,18,129748
mixed-mldsa87-root-fn,0,19,130117
mixed-mldsa87-root-fn,0,20,131037
mixed-mldsa87-root-fn,0,21,133132
mixed-mldsa87-root-fn,0,22,137384
mixed-mldsa87-root-fn,0,23,131096
mixed-mldsa87-root-fn,0,24,129853
mixed-mldsa87-root-fn,0,25,132207
mixed-mldsa87-root-fn,0,26,131974
mixed-mldsa87-root-fn,0,27,133472
mixed-mldsa87-root-fn,0,28,136929
mixed-mldsa87-root-fn,0,29,132030
mixed-mldsa87-root-fn,0,30,131211
mixed-mldsa87-root-fn,0,31,129313
mixed-mldsa87-root-fn,0,32,132579
mixed-mldsa87-root-fn,0,33,131302
mixed-mldsa87-root-fn,0,34,131680
mixed-mldsa87-root-fn,0,35,129898
mixed-mldsa87-root-fn,0,36,132249
mixed-mldsa87-root-fn,0,37,130133
mixed-mldsa87-root-fn,0,38,137963
mixed-mldsa87-root-fn,0,39,131256
mixed-mldsa87-root-fn,0,40,133391
mixed-mldsa87-root-fn,0,41,132465
mixed-mldsa87-root-fn,0,42,130476
mixed-mldsa87-root-fn,0,43,132690
mixed-mldsa87-root-fn,0,44,132346
mixed-mldsa87-root-fn,0,45,132011
mixed-mldsa87-root-fn,0,46,136265
mixed-mldsa87-root-fn,0,47,134089
mixed-mldsa87-root-fn,0,48,134270
mixed-mldsa87-root-fn,0,49,134497
mixed-mldsa87-root-fn,0,50,135415
mixed-mldsa87-root-fn,1,0,175910
mixed-mldsa87-root-fn,1,1,185418
mixed-mldsa87-root-fn,1,2,176824
mixed-mldsa87-root-fn,1,3,176330
mixed-mldsa87-root-fn,1,4,175778
mixed-mldsa87-root-fn,1,5,173596
mixed-mldsa87-root-fn,1,6,177402
mixed-mldsa87-root-fn,1,7,177307
mixed-mldsa87-root-fn,1,8,175644
mixed-mldsa87-root-fn,1,9,174169
mixed-mldsa87-root-fn,1,10,178398
mixed-mldsa87-root-fn,1,11,174581
mixed-mldsa87-root-fn,1,12,184803
mixed-mldsa87-root-fn,1,13,178207
mixed-mldsa87-root-fn,1,14,175134
mixed-mldsa87-root-fn,1,15,178281
mixed-mldsa87-root-fn,1,16,180063
mixed-mldsa87-root-fn,1,17,175848
mixed-mldsa87-root-fn,1,18,176552
mixed-mldsa87-root-fn,1,19,176692
mixed-mldsa87-root-fn,1,20,179946
mixed-mldsa87-root-fn,1,21,174506
mixed-mldsa87-root-fn,1,22,181933
mixed-mldsa87-root-fn,1,23,177562
mixed-mldsa87-root-fn,1,24,179323
mixed-mldsa87-root-fn,1,25,178039
mixed-mldsa87-root-fn,1,26,179208
mixed-mldsa87-root-fn,1,27,175623
mixed-mldsa87-root-fn,1,28,177569
mixed-mldsa87-root-fn,1,29,176869
mixed-mldsa87-root-fn,1,30,175789
mixed-mldsa87-root-fn,1,31,174818
mixed-mldsa87-root-fn,1,32,177614
mixed-mldsa87-root-fn,1,33,173988
mixed-mldsa87-root-fn,1,34,182404
mixed-mldsa87-root-fn,1,35,181006
mixed-mldsa87-root-fn,1,36,175140
mixed-mldsa87-root-fn,1,37,176677
mixed-mldsa87-root-fn,1,38,174911
mixed-mldsa87-root-fn,1,39,174681
mixed-mldsa87-root-fn,1,40,175367
mixed-mldsa87-root-fn,1,41,176239
mixed-mldsa87-root-fn,1,42,177092
mixed-mldsa87-root-fn,1,43,181491
mixed-mldsa87-root-fn,1,44,178658
mixed-mldsa87-root-fn,1,45,184088
mixed-mldsa87-root-fn,1,46,177744
mixed-mldsa87-root-fn,1,47,179743
mixed-mldsa87-root-fn,1,48,175842
mixed-mldsa87-root-fn,1,49,178178
mixed-mldsa87-root-fn,1,50,175907
mixed-mldsa87-root-fn,2,0,208650
mixed-mldsa87-root-fn,2,1,208059
mixed-mldsa87-root-fn,2,2,216257
mixed-mldsa87-root-fn,2,3,212835
mixed-mldsa87-root-fn,2,4,209862
mixed-mldsa87-root-fn,2,5,212213
mixed-mldsa87-root-fn,2,6,209952
mixed-mldsa87-root-fn,2,7,210190
mixed-mldsa87-root-fn,2,8,212801
mixed-mldsa87-root-fn,2,9,212931
mixed-mldsa87-root-fn,2,10,211471
mixed-mldsa87-root-fn,2,11,211339
mixed-mldsa87-root-fn,2,12,211435
mixed-mldsa87-root-fn,2,13,217199
mixed-mldsa87-root-fn,2,14,213700
mixed-mldsa87-root-fn,2,15,209847
mixed-mldsa87-root-fn,2,16,213290
mixed-mldsa87-root-fn,2,17,230578
mixed-mldsa87-root-fn,2,18,212420
mixed-mldsa87-root-fn,2,19,208480
mixed-mldsa87-root-fn,2,20,210827
mixed-mldsa87-root-fn,2,21,211690
mixed-mldsa87-root-fn,2,22,208473
mixed-mldsa87-root-fn,2,23,223797
mixed-mldsa87-root-fn,2,24,211137
mixed-mldsa87-root-fn,2,25,210031
mixed-mldsa87-root-fn,2,26,210047
mixed-mldsa87-root-fn,2,27,211948
mixed-mldsa87-root-fn,2,28,208074
mixed-mldsa87-root-fn,2,29,208222
mixed-mldsa87-root-fn,2,30,208973
mixed-mldsa87-root-fn,2,31,209746
mixed-mldsa87-root-fn,2,32,202779
mixed-mldsa87-root-fn,2,33,215908
mixed-mldsa87-root-fn,2,34,209185
mixed-mldsa87-root-fn,2,35,204315
mixed-mldsa87-root-fn,2,36,212610
mixed-mldsa87-root-fn,2,37,204638
mixed-mldsa87-root-fn,2,38,205620
mixed-mldsa87-root-fn,2,39,207528
mixed-mldsa87-root-fn,2,40,210584
mixed-mldsa87-root-fn,2,41,209389
mixed-mldsa87-root-fn,2,42,216625
mixed-mldsa87-root-fn,2,43,208093
mixed-mldsa87-root-fn,2,44,207705
mixed-mldsa87-root-fn,2,45,204852
mixed-mldsa87-root-fn,2,46,211123
mixed-mldsa87-root-fn,2,47,207111
mixed-mldsa87-root-fn,2,48,212117
mixed-mldsa87-root-fn,2,49,206738
mixed-mldsa87-root-fn,2,50,218718
mixed-mldsa87-root-fn,5,0,366151
mixed-mldsa87-root-fn,5,1,403782
mixed-mldsa87-root-fn,5,2,325894
mixed-mldsa87-root-fn,5,3,327600
mixed-mldsa87-root-fn,5,4,325823
mixed-mldsa87-root-fn,5,5,411290
mixed-mldsa87-root-fn,5,6,382348
mixed-mldsa87-root-fn,5,7,351310
mixed-mldsa87-root-fn,5,8,349038
mixed-mldsa87-root-fn,5,9,330081
mixed-mldsa87-root-fn,5,10,337782
mixed-mldsa87-root-fn,5,11,325692
mixed-mldsa87-root-fn,5,12,364597
mixed-mldsa87-root-fn,5,13,326369
mixed-mldsa87-root-fn,5,14,317878
mixed-mldsa87-root-fn,5,15,316219
mixed-mldsa87-root-fn,5,16,327982
mixed-mldsa87-root-fn,5,17,326475
mixed-mldsa87-root-fn,5,18,317046
mixed-mldsa87-root-fn,5,19,316109
mixed-mldsa87-root-fn,5,20,336603
mixed-mldsa87-root-fn,5,21,312554
mixed-mldsa87-root-fn,5,22,329077
mixed-mldsa87-root-fn,5,23,320103
mixed-mldsa87-root-fn,5,24,321822
mixed-mldsa87-root-fn,5,25,310864
mixed-mldsa87-root-fn,5,26,311475
mixed-mldsa87-root-fn,5,27,311820
mixed-mldsa87-root-fn,5,28,325431
mixed-mldsa87-root-fn,5,29,327840
mixed-mldsa87-root-fn,5,30,310659
mixed-mldsa87-root-fn,5,31,312663
mixed-mldsa87-root-fn,5,32,311397
mixed-mldsa87-root-fn,5,33,309166
mixed-mldsa87-root-fn,5,34,308905
mixed-mldsa87-root-fn,5,35,319715
mixed-mldsa87-root-fn,5,36,317996
mixed-mldsa87-root-fn,5,37,310567
mixed-mldsa87-root-fn,5,38,308666
mixed-mldsa87-root-fn,5,39,310524
mixed-mldsa87-root-fn,5,40,310691
mixed-mldsa87-root-fn,5,41,316903
mixed-mldsa87-root-fn,5,42,311053
mixed-mldsa87-root-fn,5,43,311676
mixed-mldsa87-root-fn,5,44,310618
mixed-mldsa87-root-fn,5,45,314254
mixed-mldsa87-root-fn,5,46,308599
mixed-mldsa87-root-fn,5,47,317850
mixed-mldsa87-root-fn,5,48,313190
mixed-mldsa87-root-fn,5,49,314369
mixed-mldsa87-root-fn,5,50,310070
mixed-mldsa87-root-fn,10,0,530461
mixed-mldsa87-root-fn,10,1,503985
mixed-mldsa87-root-fn,10,2,499225
mixed-mldsa87-root-fn,10,3,499799
mixed-mldsa87-root-fn,10,4,539602
mixed-mldsa87-root-fn,10,5,506638
mixed-mldsa87-root-fn,10,6,497125
mixed-mldsa87-root-fn,10,7,504422
mixed-mldsa87-root-fn,10,8,512994
mixed-mldsa87-root-fn,10,9,510339
mixed-mldsa87-root-fn,10,10,500553
mixed-mldsa87-root-fn,10,11,493070
mixed-mldsa87-root-fn,10,12,516311
mixed-mldsa87-root-fn,10,13,502883
mixed-mldsa87-root-fn,10,14,491976
mixed-mldsa87-root-fn,10,15,507520
mixed-mldsa87-root-fn,10,16,496575
mixed-mldsa87-root-fn,10,17,507320
mixed-mldsa87-root-fn,10,18,495722
mixed-mldsa87-root-fn,10,19,493267
mixed-mldsa87-root-fn,10,20,498343
mixed-mldsa87-root-fn,10,21,506364
mixed-mldsa87-root-fn,10,22,496248
mixed-mldsa87-root-fn,10,23,497546
mixed-mldsa87-root-fn,10,24,492455
mixed-mldsa87-root-fn,10,25,531081
mixed-mldsa87-root-fn,10,26,504222
mixed-mldsa87-root-fn,10,27,524509
mixed-mldsa87-root-fn,10,28,504563
mixed-mldsa87-root-fn,10,29,506727
mixed-mldsa87-root-fn,10,30,496303
mixed-mldsa87-root-fn,10,31,492770
mixed-mldsa87-root-fn,10,32,495201
mixed-mldsa87-root-fn,10,33,521353
mixed-mldsa87-root-fn,10,34,495023
mixed-mldsa87-root-fn,10,35,493059
mixed-mldsa87-root-fn,10,36,516580
mixed-mldsa87-root-fn,10,37,492926
mixed-mldsa87-root-fn,10,38,500386
mixed-mldsa87-root-fn,10,39,525564
mixed-mldsa87-root-fn,10,40,505589
mixed-mldsa87-root-fn,10,41,502363
mixed-mldsa87-root-fn,10,42,507320
mixed-mldsa87-root-fn,10,43,497923
mixed-mldsa87-root-fn,10,44,494512
mixed-mldsa87-root-fn,10,45,498056
mixed-mldsa87-root-fn,10,46,500649
mixed-mldsa87-root-fn,10,47,496700
mixed-mldsa87-root-fn,10,48,494945
mixed-mldsa87-root-fn,10,49,527380
mixed-mldsa87-root-fn,10,50,502910
mixed-mldsa87-root-fn,20,0,887293
mixed-mldsa87-root-fn,20,1,879223
mixed-mldsa87-root-fn,20,2,888811
mixed-mldsa87-root-fn,20,3,871239
mixed-mldsa87-root-fn,20,4,880146
mixed-mldsa87-root-fn,20,5,874700
mixed-mldsa87-root-fn,20,6,886511
mixed-mldsa87-root-fn,20,7,890783
mixed-mldsa87-root-fn,20,8,888990
mixed-mldsa87-root-fn,20,9,886883
mixed-mldsa87-root-fn,20,10,881654
mixed-mldsa87-root-fn,20,11,887127
mixed-mldsa87-root-fn,20,12,875607
mixed-mldsa87-root-fn,20,13,871233
mixed-mldsa87-root-fn,20,14,889547
mixed-mldsa87-root-fn,20,15,1056517
mixed-mldsa87-root-fn,20,16,915238
mixed-mldsa87-root-fn,20,17,904764
mixed-mldsa87-root-fn,20,18,883566
mixed-mldsa87-root-fn,20,19,909589
mixed-mldsa87-root-fn,20,20,936896
mixed-mldsa87-root-fn,20,21,906646
mixed-mldsa87-root-fn,20,22,892200
mixed-mldsa87-root-fn,20,23,916992
mixed-mldsa87-root-fn,20,24,895791
mixed-mldsa87-root-fn,20,25,875031
mixed-mldsa87-root-fn,20,26,882436
mixed-mldsa87-root-fn,20,27,874138
mixed-mldsa87-root-fn,20,28,886234
mixed-mldsa87-root-fn,20,29,880041
mixed-mldsa87-root-fn,20,30,886779
mixed-mldsa87-root-fn,20,31,883604
mixed-mldsa87-root-fn,20,32,903070
mixed-mldsa87-root-fn,20,33,913834
mixed-mldsa87-root-fn,20,34,885375
mixed-mldsa87-root-fn,20,35,897852
mixed-mldsa87-root-fn,20,36,868829
mixed-mldsa87-root-fn,20,37,891206
mixed-mldsa87-root-fn,20,38,870976
mixed-mldsa87-root-fn,20,39,881323
mixed-mldsa87-root-fn,20,40,867365
mixed-mldsa87-root-fn,20,41,889293
mixed-mldsa87-root-fn,20,42,883664
mixed-mldsa87-root-fn,20,43,871162
mixed-mldsa87-root-fn,20,44,879626
mixed-mldsa87-root-fn,20,45,869404
mixed-mldsa87-root-fn,20,46,885325
mixed-mldsa87-root-fn,20,47,871749
mixed-mldsa87-root-fn,20,48,871250
mixed-mldsa87-root-fn,20,49,877519
mixed-mldsa87-root-fn,20,50,876683
mixed-slh128s-root-fn,0,0,394865
mixed-slh128s-root-fn,0,1,392908
mixed-slh128s-root-fn,0,2,386018
mixed-slh128s-root-fn,0,3,393867
mixed-slh128s-root-fn,0,4,402501
mixed-slh128s-root-fn,0,5,400114
mixed-slh128s-root-fn,0,6,384738
mixed-slh128s-root-fn,0,7,410275
mixed-slh128s-root-fn,0,8,385471
mixed-slh128s-root-fn,0,9,384466
mixed-slh128s-root-fn,0,10,393744
mixed-slh128s-root-fn,0,11,385408
mixed-slh128s-root-fn,0,12,383133
mixed-slh128s-root-fn,0,13,383135
mixed-slh128s-root-fn,0,14,382661
mixed-slh128s-root-fn,0,15,383211
mixed-slh128s-root-fn,0,16,393272
mixed-slh128s-root-fn,0,17,396859
mixed-slh128s-root-fn,0,18,388239
mixed-slh128s-root-fn,0,19,382195
mixed-slh128s-root-fn,0,20,383217
mixed-slh128s-root-fn,0,21,392623
mixed-slh128s-root-fn,0,22,386575
mixed-slh128s-root-fn,0,23,382810
mixed-slh128s-root-fn,0,24,383327
mixed-slh128s-root-fn,0,25,382846
mixed-slh128s-root-fn,0,26,396957
mixed-slh128s-root-fn,0,27,394230
mixed-slh128s-root-fn,0,28,387653
mixed-slh128s-root-fn,0,29,391003
mixed-slh128s-root-fn,0,30,385761
mixed-slh128s-root-fn,0,31,383617
mixed-slh128s-root-fn,0,32,395040
mixed-slh128s-root-fn,0,33,384893
mixed-slh128s-root-fn,0,34,383866
mixed-slh128s-root-fn,0,35,383489
mixed-slh128s-root-fn,0,36,383222
mixed-slh128s-root-fn,0,37,390149
mixed-slh128s-root-fn,0,38,390982
mixed-slh128s-root-fn,0,39,383958
mixed-slh128s-root-fn,0,40,383457
mixed-slh128s-root-fn,0,41,382289
mixed-slh128s-root-fn,0,42,391907
mixed-slh128s-root-fn,0,43,394906
mixed-slh128s-root-fn,0,44,383859
mixed-slh128s-root-fn,0,45,382738
mixed-slh128s-root-fn,0,46,383690
mixed-slh128s-root-fn,0,47,382181
mixed-slh128s-root-fn,0,48,397784
mixed-slh128s-root-fn,0,49,391873
mixed-slh128s-root-fn,0,50,393593
mixed-slh128s-root-fn,1,0,563401
mixed-slh128s-root-fn,1,1,485666
mixed-slh128s-root-fn,1,2,478263
mixed-slh128s-root-fn,1,3,449359
mixed-slh128s-root-fn,1,4,482559
mixed-slh128s-root-fn,1,5,448876
mixed-slh128s-root-fn,1,6,447434
mixed-slh128s-root-fn,1,7,445537
mixed-slh128s-root-fn,1,8,458798
mixed-slh128s-root-fn,1,9,450224
mixed-slh128s-root-fn,1,10,452596
mixed-slh128s-root-fn,1,11,447384
mixed-slh128s-root-fn,1,12,447690
mixed-slh128s-root-fn,1,13,460235
mixed-slh128s-root-fn,1,14,448457
mixed-slh128s-root-fn,1,15,448387
mixed-slh128s-root-fn,1,16,460203
mixed-slh128s-root-fn,1,17,459036
mixed-slh128s-root-fn,1,18,446964
mixed-slh128s-root-fn,1,19,453234
mixed-slh128s-root-fn,1,20,446680
mixed-slh128s-root-fn,1,21,456321
mixed-slh128s-root-fn,1,22,453333
mixed-slh128s-root-fn,1,23,445242
mixed-slh128s-root-fn,1,24,447775
mixed-slh128s-root-fn,1,25,523487
mixed-slh128s-root-fn,1,26,472792
mixed-slh128s-root-fn,1,27,456467
mixed-slh128s-root-fn,1,28,459829
mixed-slh128s-root-fn,1,29,445721
mixed-slh128s-root-fn,1,30,441184
mixed-slh128s-root-fn,1,31,436149
mixed-slh128s-root-fn,1,32,442550
mixed-slh128s-root-fn,1,33,451557
mixed-slh128s-root-fn,1,34,442847
mixed-slh128s-root-fn,1,35,477140
mixed-slh128s-root-fn,1,36,462736
mixed-slh128s-root-fn,1,37,482166
mixed-slh128s-root-fn,1,38,465918
mixed-slh128s-root-fn,1,39,448870
mixed-slh128s-root-fn,1,40,438122
mixed-slh128s-root-fn,1,41,438349
mixed-slh128s-root-fn,1,42,461648
mixed-slh128s-root-fn,1,43,440640
mixed-slh128s-root-fn,1,44,436989
mixed-slh128s-root-fn,1,45,442183
mixed-slh128s-root-fn,1,46,444205
mixed-slh128s-root-fn,1,47,442333
mixed-slh128s-root-fn,1,48,439842
mixed-slh128s-root-fn,1,49,439515
mixed-slh128s-root-fn,1,50,438457
mixed-slh128s-root-fn,2,0,491233
mixed-slh128s-root-fn,2,1,480596
mixed-slh128s-root-fn,2,2,503502
mixed-slh128s-root-fn,2,3,504691
mixed-slh128s-root-fn,2,4,498782
mixed-slh128s-root-fn,2,5,488912
mixed-slh128s-root-fn,2,6,480401
mixed-slh128s-root-fn,2,7,485519
mixed-slh128s-root-fn,2,8,486582
mixed-slh128s-root-fn,2,9,490148
mixed-slh128s-root-fn,2,10,483302
mixed-slh128s-root-fn,2,11,495677
mixed-slh128s-root-fn,2,12,480867
mixed-slh128s-root-fn,2,13,490154
mixed-slh128s-root-fn,2,14,485915
mixed-slh128s-root-fn,2,15,479162
mixed-slh128s-root-fn,2,16,496116
mixed-slh128s-root-fn,2,17,489212
mixed-slh128s-root-fn,2,18,486894
mixed-slh128s-root-fn,2,19,483562
mixed-slh128s-root-fn,2,20,484388
mixed-slh128s-root-fn,2,21,493410
mixed-slh128s-root-fn,2,22,488913
mixed-slh128s-root-fn,2,23,481367
mixed-slh128s-root-fn,2,24,480217
mixed-slh128s-root-fn,2,25,491328
mixed-slh128s-root-fn,2,26,480939
mixed-slh128s-root-fn,2,27,478442
mixed-slh128s-root-fn,2,28,482006
mixed-slh128s-root-fn,2,29,478334
mixed-slh128s-root-fn,2,30,500022
mixed-slh128s-root-fn,2,31,480847
mixed-slh128s-root-fn,2,32,478388
mixed-slh128s-root-fn,2,33,480234
mixed-slh128s-root-fn,2,34,490394
mixed-slh128s-root-fn,2,35,495211
mixed-slh128s-root-fn,2,36,478262
mixed-slh128s-root-fn,2,37,479662
mixed-slh128s-root-fn,2,38,483537
mixed-slh128s-root-fn,2,39,509547
mixed-slh128s-root-fn,2,40,495918
mixed-slh128s-root-fn,2,41,478982
mixed-slh128s-root-fn,2,42,497296
mixed-slh128s-root-fn,2,43,483182
mixed-slh128s-root-fn,2,44,480908
mixed-slh128s-root-fn,2,45,478393
mixed-slh128s-root-fn,2,46,498109
mixed-slh128s-root-fn,2,47,481496
mixed-slh128s-root-fn,2,48,478108
mixed-slh128s-root-fn,2,49,495301
mixed-slh128s-root-fn,2,50,481094
mixed-slh128s-root-fn,5,0,583615
mixed-slh128s-root-fn,5,1,572165
mixed-slh128s-root-fn,5,2,593161
mixed-slh128s-root-fn,5,3,596431
mixed-slh128s-root-fn,5,4,575641
mixed-slh128s-root-fn,5,5,589362
mixed-slh128s-root-fn,5,6,595766
mixed-slh128s-root-fn,5,7,575232
mixed-slh128s-root-fn,5,8,579071
mixed-slh128s-root-fn,5,9,581813
mixed-slh128s-root-fn,5,10,573017
mixed-slh128s-root-fn,5,11,595128
mixed-slh128s-root-fn,5,12,728805
mixed-slh128s-root-fn,5,13,609029
mixed-slh128s-root-fn,5,14,720402
mixed-slh128s-root-fn,5,15,630797
mixed-slh128s-root-fn,5,16,606737
mixed-slh128s-root-fn,5,17,600724
mixed-slh128s-root-fn,5,18,594004
mixed-slh128s-root-fn,5,19,593524
mixed-slh128s-root-fn,5,20,584159
mixed-slh128s-root-fn,5,21,596256
mixed-slh128s-root-fn,5,22,607079
mixed-slh128s-root-fn,5,23,584393
mixed-slh128s-root-fn,5,24,599202
mixed-slh128s-root-fn,5,25,595894
mixed-slh128s-root-fn,5,26,605200
mixed-slh128s-root-fn,5,27,586355
mixed-slh128s-root-fn,5,28,601987
mixed-slh128s-root-fn,5,29,585783
mixed-slh128s-root-fn,5,30,583042
mixed-slh128s-root-fn,5,31,581943
mixed-slh128s-root-fn,5,32,593069
mixed-slh128s-root-fn,5,33,590345
mixed-slh128s-root-fn,5,34,590085
mixed-slh128s-root-fn,5,35,595286
mixed-slh128s-root-fn,5,36,586487
mixed-slh128s-root-fn,5,37,582224
mixed-slh128s-root-fn,5,38,592454
mixed-slh128s-root-fn,5,39,585140
mixed-slh128s-root-fn,5,40,581930
mixed-slh128s-root-fn,5,41,602503
mixed-slh128s-root-fn,5,42,632304
mixed-slh128s-root-fn,5,43,592239
mixed-slh128s-root-fn,5,44,677874
mixed-slh128s-root-fn,5,45,758836
mixed-slh128s-root-fn,5,46,583192
mixed-slh128s-root-fn,5,47,747248
mixed-slh128s-root-fn,5,48,642512
mixed-slh128s-root-fn,5,49,595466
mixed-slh128s-root-fn,5,50,608842
mixed-slh128s-root-fn,10,0,785323
mixed-slh128s-root-fn,10,1,778887
mixed-slh128s-root-fn,10,2,788699
mixed-slh128s-root-fn,10,3,785331
mixed-slh128s-root-fn,10,4,794649
mixed-slh128s-root-fn,10,5,806913
mixed-slh128s-root-fn,10,6,784103
mixed-slh128s-root-fn,10,7,789486
mixed-slh128s-root-fn,10,8,786280
mixed-slh128s-root-fn,10,9,786049
mixed-slh128s-root-fn,10,10,807362
mixed-slh128s-root-fn,10,11,784487
mixed-slh128s-root-fn,10,12,790165
mixed-slh128s-root-fn,10,13,790953
mixed-slh128s-root-fn,10,14,778824
mixed-slh128s-root-fn,10,15,795583
mixed-slh128s-root-fn,10,16,788290
mixed-slh128s-root-fn,10,17,780863
mixed-slh128s-root-fn,10,18,791070
mixed-slh128s-root-fn,10,19,801579
mixed-slh128s-root-fn,10,20,953431
mixed-slh128s-root-fn,10,21,832476
mixed-slh128s-root-fn,10,22,853610
mixed-slh128s-root-fn,10,23,797388
mixed-slh128s-root-fn,10,24,797003
mixed-slh128s-root-fn,10,25,796198
mixed-slh128s-root-fn,10,26,779465
mixed-slh128s-root-fn,10,27,788556
mixed-slh128s-root-fn,10,28,787887
mixed-slh128s-root-fn,10,29,782166
mixed-slh128s-root-fn,10,30,789774
mixed-slh128s-root-fn,10,31,781110
mixed-slh128s-root-fn,10,32,787048
mixed-slh128s-root-fn,10,33,792335
mixed-slh128s-root-fn,10,34,786020
mixed-slh128s-root-fn,10,35,787830
mixed-slh128s-root-fn,10,36,801983
mixed-slh128s-root-fn,10,37,790520
mixed-slh128s-root-fn,10,38,784996
mixed-slh128s-root-fn,10,39,801424
mixed-slh128s-root-fn,10,40,794216
mixed-slh128s-root-fn,10,41,783505
mixed-slh128s-root-fn,10,42,815445
mixed-slh128s-root-fn,10,43,880168
mixed-slh128s-root-fn,10,44,837251
mixed-slh128s-root-fn,10,45,831877
mixed-slh128s-root-fn,10,46,788936
mixed-slh128s-root-fn,10,47,790421
mixed-slh128s-root-fn,10,48,784800
mixed-slh128s-root-fn,10,49,786819
mixed-slh128s-root-fn,10,50,788960
mixed-slh128s-root-fn,20,0,1179896
mixed-slh128s-root-fn,20,1,1167979
mixed-slh128s-root-fn,20,2,1188050
mixed-slh128s-root-fn,20,3,1180829
mixed-slh128s-root-fn,20,4,1166333
mixed-slh128s-root-fn,20,5,1174518
mixed-slh128s-root-fn,20,6,1168485
mixed-slh128s-root-fn,20,7,1154287
mixed-slh128s-root-fn,20,8,1194284
mixed-slh128s-root-fn,20,9,1165591
mixed-slh128s-root-fn,20,10,1182104
mixed-slh128s-root-fn,20,11,1168429
mixed-slh128s-root-fn,20,12,1173233
mixed-slh128s-root-fn,20,13,1189993
mixed-slh128s-root-fn,20,14,1167375
mixed-slh128s-root-fn,20,15,1162280
mixed-slh128s-root-fn,20,16,1174793
mixed-slh128s-root-fn,20,17,1181845
mixed-slh128s-root-fn,20,18,1167199
mixed-slh128s-root-fn,20,19,1166196
mixed-slh128s-root-fn,20,20,1161855
mixed-slh128s-root-fn,20,21,1168410
mixed-slh128s-root-fn,20,22,1169045
mixed-slh128s-root-fn,20,23,1172083
mixed-slh128s-root-fn,20,24,1173608
mixed-slh128s-root-fn,20,25,1171252
mixed-slh128s-root-fn,20,26,1169670
mixed-slh128s-root-fn,20,27,1157864
mixed-slh128s-root-fn,20,28,1161844
mixed-slh128s-root-fn,20,29,1165203
mixed-slh128s-root-fn,20,30,1176149
mixed-slh128s-root-fn,20,31,1162689
mixed-slh128s-root-fn,20,32,1155730
mixed-slh128s-root-fn,20,33,1167162
mixed-slh128s-root-fn,20,34,1185120
mixed-slh128s-root-fn,20,35,1144946
mixed-slh128s-root-fn,20,36,1134027
mixed-slh128s-root-fn,20,37,1164875
mixed-slh128s-root-fn,20,38,1141968
mixed-slh128s-root-fn,20,39,1159933
mixed-slh128s-root-fn,20,40,1148489
mixed-slh128s-root-fn,20,41,1162143
mixed-slh128s-root-fn,20,42,1133111
mixed-slh128s-root-fn,20,43,1138216
mixed-slh128s-root-fn,20,44,1186559
mixed-slh128s-root-fn,20,45,1156013
mixed-slh128s-root-fn,20,46,1141792
mixed-slh128s-root-fn,20,47,1143840
mixed-slh128s-root-fn,20,48,1146284
mixed-slh128s-root-fn,20,49,1149256
mixed-slh128s-root-fn,20,50,1139309
