alg,phase,rep,ns
Ed25519,keygen,0,17007
Ed25519,keygen,1,17115
Ed25519,keygen,2,17049
Ed25519,keygen,3,16903
Ed25519,keygen,4,16859
Ed25519,keygen,5,16847
Ed25519,keygen,6,16991
Ed25519,keygen,7,16915
Ed25519,keygen,8,16987
Ed25519,keygen,9,16930
Ed25519,keygen,10,16950
Ed25519,keygen,11,17081
Ed25519,keygen,12,16889
Ed25519,keygen,13,17003
Ed25519,keygen,14,17272
Ed25519,keygen,15,17091
Ed25519,keygen,16,16948
Ed25519,keygen,17,16968
Ed25519,keygen,18,17176
Ed25519,keygen,19,17161
Ed25519,keygen,20,17072
Ed25519,keygen,21,17061
Ed25519,keygen,22,17072
Ed25519,keygen,23,60254
Ed25519,keygen,24,16851
Ed25519,keygen,25,16039
Ed25519,keygen,26,15410
Ed25519,keygen,27,15327
Ed25519,keygen,28,15236
Ed25519,keygen,29,15242
Ed25519,keygen,30,15302
Ed25519,keygen,31,15426
Ed25519,keygen,32,15275
Ed25519,keygen,33,15253
Ed25519,keygen,34,15648
Ed25519,keygen,35,15339
Ed25519,keygen,36,15363
Ed25519,keygen,37,15221
Ed25519,keygen,38,15423
Ed25519,keygen,39,15187
Ed25519,keygen,40,15479
Ed25519,keygen,41,15291
Ed25519,keygen,42,15349
Ed25519,keygen,43,15276
Ed25519,keygen,44,15374
Ed25519,keygen,45,15214
Ed25519,keygen,46,15384
Ed25519,keygen,47,15241
Ed25519,keygen,48,15231
Ed25519,keygen,49,15821
Ed25519,keygen,50,14445
Ed25519,keygen,51,14339
Ed25519,keygen,52,14522
Ed25519,keygen,53,14286
Ed25519,keygen,54,14359
Ed25519,keygen,55,14436
Ed25519,keygen,56,14252
Ed25519,keygen,57,14386
Ed25519,keygen,58,14446
Ed25519,keygen,59,14384
Ed25519,keygen,60,14441
Ed25519,keygen,61,14412
Ed25519,keygen,62,14328
Ed25519,keygen,63,14621
Ed25519,keygen,64,14582
Ed25519,keygen,65,14450
Ed25519,keygen,66,14569
Ed25519,keygen,67,14238
Ed25519,keygen,68,14450
Ed25519,keygen,69,14379
Ed25519,keygen,70,14508
Ed25519,keygen,71,14474
Ed25519,keygen,72,14415
Ed25519,keygen,73,14430
Ed25519,keygen,74,14383
Ed25519,keygen,75,14296
Ed25519,keygen,76,14440
Ed25519,keygen,77,14384
Ed25519,keygen,78,14377
Ed25519,keygen,79,14430
Ed25519,keygen,80,14444
Ed25519,keygen,81,22511
Ed25519,keygen,82,15767
Ed25519,keygen,83,15142
Ed25519,keygen,84,14720
Ed25519,keygen,85,14477
Ed25519,keygen,86,14441
Ed25519,keygen,87,14561
Ed25519,keygen,88,12799
Ed25519,keygen,89,12767
Ed25519,keygen,90,12731
Ed25519,keygen,91,12794
Ed25519,keygen,92,12798
Ed25519,keygen,93,12769
Ed25519,keygen,94,12958
Ed25519,keygen,95,12775
Ed25519,keygen,96,12768
Ed25519,keygen,97,12916
Ed25519,keygen,98,12966
Ed25519,keygen,99,12775
Ed25519,keygen,100,12861
Ed25519,append_realtime,0,38661
Ed25519,append_realtime,1,36285
Ed25519,append_realtime,2,35965
Ed25519,append_realtime,3,36030
Ed25519,append_realtime,4,36012
Ed25519,append_realtime,5,35985
Ed25519,append_realtime,6,35715
Ed25519,append_realtime,7,35627
Ed25519,append_realtime,8,35876
Ed25519,append_realtime,9,35511
Ed25519,append_realtime,10,34285
Ed25519,append_realtime,11,33985
Ed25519,append_realtime,12,34207
Ed25519,append_realtime,13,34353
Ed25519,append_realtime,14,34252
Ed25519,append_realtime,15,33888
Ed25519,append_realtime,16,34102
Ed25519,append_realtime,17,33900
Ed25519,append_realtime,18,33889
Ed25519,append_realtime,19,34029
Ed25519,append_realtime,20,34463
Ed25519,append_realtime,21,34154
Ed25519,append_realtime,22,34228
Ed25519,append_realtime,23,34352
Ed25519,append_realtime,24,34096
Ed25519,append_realtime,25,34188
Ed25519,append_realtime,26,33884
Ed25519,append_realtime,27,44549
Ed25519,append_realtime,28,35133
Ed25519,append_realtime,29,34341
Ed25519,append_realtime,30,34380
Ed25519,append_realtime,31,34342
Ed25519,append_realtime,32,34135
Ed25519,append_realtime,33,34101
Ed25519,append_realtime,34,34155
Ed25519,append_realtime,35,34203
Ed25519,append_realtime,36,33902
Ed25519,append_realtime,37,34190
Ed25519,append_realtime,38,34066
Ed25519,append_realtime,39,33968
Ed25519,append_realtime,40,33889
Ed25519,append_realtime,41,34046
Ed25519,append_realtime,42,34080
Ed25519,append_realtime,43,34222
Ed25519,append_realtime,44,34137
Ed25519,append_realtime,45,34123
Ed25519,append_realtime,46,34353
Ed25519,append_realtime,47,33980
Ed25519,append_realtime,48,33990
Ed25519,append_realtime,49,34060
Ed25519,append_realtime,50,34178
Ed25519,append_realtime,51,34166
Ed25519,append_realtime,52,34382
Ed25519,append_realtime,53,33873
Ed25519,append_realtime,54,34202
Ed25519,append_realtime,55,33957
Ed25519,append_realtime,56,50792
Ed25519,append_realtime,57,37835
Ed25519,append_realtime,58,35338
Ed25519,append_realtime,59,34569
Ed25519,append_realtime,60,34217
Ed25519,append_realtime,61,48922
Ed25519,append_realtime,62,35439
Ed25519,append_realtime,63,34912
Ed25519,append_realtime,64,34309
Ed25519,append_realtime,65,34258
Ed25519,append_realtime,66,34288
Ed25519,append_realtime,67,34349
Ed25519,append_realtime,68,34241
Ed25519,append_realtime,69,34105
Ed25519,append_realtime,70,34253
Ed25519,append_realtime,71,34343
Ed25519,append_realtime,72,34141
Ed25519,append_realtime,73,34134
Ed25519,append_realtime,74,44404
Ed25519,append_realtime,75,34612
Ed25519,append_realtime,76,34139
Ed25519,append_realtime,77,34013
Ed25519,append_realtime,78,34218
Ed25519,append_realtime,79,34118
Ed25519,append_realtime,80,34071
Ed25519,append_realtime,81,34217
Ed25519,append_realtime,82,34014
Ed25519,append_realtime,83,33892
Ed25519,append_realtime,84,33889
Ed25519,append_realtime,85,33921
Ed25519,append_realtime,86,33941
Ed25519,append_realtime,87,34061
Ed25519,append_realtime,88,34006
Ed25519,append_realtime,89,34094
Ed25519,append_realtime,90,33786
Ed25519,append_realtime,91,33920
Ed25519,append_realtime,92,33971
Ed25519,append_realtime,93,34210
Ed25519,append_realtime,94,33950
Ed25519,append_realtime,95,34041
Ed25519,append_realtime,96,34120
Ed25519,append_realtime,97,34691
Ed25519,append_realtime,98,33821
Ed25519,append_realtime,99,33876
Ed25519,append_realtime,100,33750
Ed25519,append_sign,0,23179
Ed25519,append_sign,1,23090
Ed25519,append_sign,2,23095
Ed25519,append_sign,3,23369
Ed25519,append_sign,4,23169
Ed25519,append_sign,5,23296
Ed25519,append_sign,6,23140
Ed25519,append_sign,7,23332
Ed25519,append_sign,8,23341
Ed25519,append_sign,9,23308
Ed25519,append_sign,10,23441
Ed25519,append_sign,11,23168
Ed25519,append_sign,12,23251
Ed25519,append_sign,13,23059
Ed25519,append_sign,14,26549
Ed25519,append_sign,15,24394
Ed25519,append_sign,16,23575
Ed25519,append_sign,17,23497
Ed25519,append_sign,18,23391
Ed25519,append_sign,19,23437
Ed25519,append_sign,20,23453
Ed25519,append_sign,21,23615
Ed25519,append_sign,22,23715
Ed25519,append_sign,23,23517
Ed25519,append_sign,24,30848
Ed25519,append_sign,25,25007
Ed25519,append_sign,26,23753
Ed25519,append_sign,27,23244
Ed25519,append_sign,28,23508
Ed25519,append_sign,29,23363
Ed25519,append_sign,30,23077
Ed25519,append_sign,31,23687
Ed25519,append_sign,32,23134
Ed25519,append_sign,33,23451
Ed25519,append_sign,34,23229
Ed25519,append_sign,35,23158
Ed25519,append_sign,36,23451
Ed25519,append_sign,37,23530
Ed25519,append_sign,38,23186
Ed25519,append_sign,39,23195
Ed25519,append_sign,40,23270
Ed25519,append_sign,41,23419
Ed25519,append_sign,42,23319
Ed25519,append_sign,43,23388
Ed25519,append_sign,44,23248
Ed25519,append_sign,45,23501
Ed25519,append_sign,46,23228
Ed25519,append_sign,47,23324
Ed25519,append_sign,48,23200
Ed25519,append_sign,49,23318
Ed25519,append_sign,50,23103
Ed25519,append_sign,51,23364
Ed25519,append_sign,52,23450
Ed25519,append_sign,53,23272
Ed25519,append_sign,54,23426
Ed25519,append_sign,55,23332
Ed25519,append_sign,56,23412
Ed25519,append_sign,57,23342
Ed25519,append_sign,58,23179
Ed25519,append_sign,59,23229
Ed25519,append_sign,60,23394
Ed25519,append_sign,61,23101
Ed25519,append_sign,62,23773
Ed25519,append_sign,63,23403
Ed25519,append_sign,64,23220
Ed25519,append_sign,65,23181
Ed25519,append_sign,66,23198
Ed25519,append_sign,67,23080
Ed25519,append_sign,68,23142
Ed25519,append_sign,69,22967
Ed25519,append_sign,70,23264
Ed25519,append_sign,71,23085
Ed25519,append_sign,72,23381
Ed25519,append_sign,73,23054
Ed25519,append_sign,74,22986
Ed25519,append_sign,75,39226
Ed25519,append_sign,76,25453
Ed25519,append_sign,77,23361
Ed25519,append_sign,78,23136
Ed25519,append_sign,79,23146
Ed25519,append_sign,80,23270
Ed25519,append_sign,81,23338
Ed25519,append_sign,82,23030
Ed25519,append_sign,83,23185
Ed25519,append_sign,84,23137
Ed25519,append_sign,85,23135
Ed25519,append_sign,86,23333
Ed25519,append_sign,87,23345
Ed25519,append_sign,88,23169
Ed25519,append_sign,89,23139
Ed25519,append_sign,90,23278
Ed25519,append_sign,91,23626
Ed25519,append_sign,92,23260
Ed25519,append_sign,93,23205
Ed25519,append_sign,94,23127
Ed25519,append_sign,95,23154
Ed25519,append_sign,96,23363
Ed25519,append_sign,97,23126
Ed25519,append_sign,98,23148
Ed25519,append_sign,99,23117
Ed25519,append_sign,100,30170
Mldsa44,keygen,0,22154
Mldsa44,keygen,1,20423
Mldsa44,keygen,2,19567
Mldsa44,keygen,3,20072
Mldsa44,keygen,4,19992
Mldsa44,keygen,5,19974
Mldsa44,keygen,6,19962
Mldsa44,keygen,7,19966
Mldsa44,keygen,8,19996
Mldsa44,keygen,9,20922
Mldsa44,keygen,10,16890
Mldsa44,keygen,11,17033
Mldsa44,keygen,12,16979
Mldsa44,keygen,13,16860
Mldsa44,keygen,14,16984
Mldsa44,keygen,15,16901
Mldsa44,keygen,16,18001
Mldsa44,keygen,17,16593
Mldsa44,keygen,18,39604
Mldsa44,keygen,19,17663
Mldsa44,keygen,20,16954
Mldsa44,keygen,21,43068
Mldsa44,keygen,22,28123
Mldsa44,keygen,23,23379
Mldsa44,keygen,24,23933
Mldsa44,keygen,25,23751
Mldsa44,keygen,26,20890
Mldsa44,keygen,27,16951
Mldsa44,keygen,28,17939
Mldsa44,keygen,29,16528
Mldsa44,keygen,30,16498
Mldsa44,keygen,31,16446
Mldsa44,keygen,32,16628
Mldsa44,keygen,33,16473
Mldsa44,keygen,34,16506
Mldsa44,keygen,35,16067
Mldsa44,keygen,36,16544
Mldsa44,keygen,37,16628
Mldsa44,keygen,38,16617
Mldsa44,keygen,39,16495
Mldsa44,keygen,40,16474
Mldsa44,keygen,41,16609
Mldsa44,keygen,42,16672
Mldsa44,keygen,43,16691
Mldsa44,keygen,44,16430
Mldsa44,keygen,45,16595
Mldsa44,keygen,46,16710
Mldsa44,keygen,47,16454
Mldsa44,keygen,48,16632
Mldsa44,keygen,49,16582
Mldsa44,keygen,50,16616
Mldsa44,keygen,51,16545
Mldsa44,keygen,52,16560
Mldsa44,keygen,53,16589
Mldsa44,keygen,54,16096
Mldsa44,keygen,55,16589
Mldsa44,keygen,56,16788
Mldsa44,keygen,57,16748
Mldsa44,keygen,58,16319
Mldsa44,keygen,59,16725
Mldsa44,keygen,60,16961
Mldsa44,keygen,61,17024
Mldsa44,keygen,62,16980
Mldsa44,keygen,63,17056
Mldsa44,keygen,64,16831
Mldsa44,keygen,65,17982
Mldsa44,keygen,66,16783
Mldsa44,keygen,67,16720
Mldsa44,keygen,68,16088
Mldsa44,keygen,69,16518
Mldsa44,keygen,70,16510
Mldsa44,keygen,71,16581
Mldsa44,keygen,72,16588
Mldsa44,keygen,73,16650
Mldsa44,keygen,74,16468
Mldsa44,keygen,75,16234
Mldsa44,keygen,76,16594
Mldsa44,keygen,77,16557
Mldsa44,keygen,78,16550
Mldsa44,keygen,79,16460
Mldsa44,keygen,80,16451
Mldsa44,keygen,81,16483
Mldsa44,keygen,82,16551
Mldsa44,keygen,83,16225
Mldsa44,keygen,84,16077
Mldsa44,keygen,85,16438
Mldsa44,keygen,86,16586
Mldsa44,keygen,87,16624
Mldsa44,keygen,88,16540
Mldsa44,keygen,89,16741
Mldsa44,keygen,90,16639
Mldsa44,keygen,91,16562
Mldsa44,keygen,92,16451
Mldsa44,keygen,93,16449
Mldsa44,keygen,94,16445
Mldsa44,keygen,95,16149
Mldsa44,keygen,96,16472
Mldsa44,keygen,97,16461
Mldsa44,keygen,98,16112
Mldsa44,keygen,99,16664
Mldsa44,keygen,100,16639
Mldsa44,append_realtime,0,103054
Mldsa44,append_realtime,1,60827
Mldsa44,append_realtime,2,71384
Mldsa44,append_realtime,3,85300
Mldsa44,append_realtime,4,53126
Mldsa44,append_realtime,5,53478
Mldsa44,append_realtime,6,82017
Mldsa44,append_realtime,7,75700
Mldsa44,append_realtime,8,70766
Mldsa44,append_realtime,9,93593
Mldsa44,append_realtime,10,55263
Mldsa44,append_realtime,11,61139
Mldsa44,append_realtime,12,81470
Mldsa44,append_realtime,13,77007
Mldsa44,append_realtime,14,57510
Mldsa44,append_realtime,15,98912
Mldsa44,append_realtime,16,61434
Mldsa44,append_realtime,17,83662
Mldsa44,append_realtime,18,77493
Mldsa44,append_realtime,19,123978
Mldsa44,append_realtime,20,54724
Mldsa44,append_realtime,21,76998
Mldsa44,append_realtime,22,74712
Mldsa44,append_realtime,23,69381
Mldsa44,append_realtime,24,72004
Mldsa44,append_realtime,25,97671
Mldsa44,append_realtime,26,97187
Mldsa44,append_realtime,27,172094
Mldsa44,append_realtime,28,102021
Mldsa44,append_realtime,29,54455
Mldsa44,append_realtime,30,119186
Mldsa44,append_realtime,31,111385
Mldsa44,append_realtime,32,58442
Mldsa44,append_realtime,33,54386
Mldsa44,append_realtime,34,62033
Mldsa44,append_realtime,35,61407
Mldsa44,append_realtime,36,94296
Mldsa44,append_realtime,37,54265
Mldsa44,append_realtime,38,92628
Mldsa44,append_realtime,39,71010
Mldsa44,append_realtime,40,93667
Mldsa44,append_realtime,41,56088
Mldsa44,append_realtime,42,64190
Mldsa44,append_realtime,43,114561
Mldsa44,append_realtime,44,70530
Mldsa44,append_realtime,45,71747
Mldsa44,append_realtime,46,78790
Mldsa44,append_realtime,47,120168
Mldsa44,append_realtime,48,64711
Mldsa44,append_realtime,49,74138
Mldsa44,append_realtime,50,65267
Mldsa44,append_realtime,51,54084
Mldsa44,append_realtime,52,62067
Mldsa44,append_realtime,53,79663
Mldsa44,append_realtime,54,56203
Mldsa44,append_realtime,55,168651
Mldsa44,append_realtime,56,69024
Mldsa44,append_realtime,57,146049
Mldsa44,append_realtime,58,87166
Mldsa44,append_realtime,59,87202
Mldsa44,append_realtime,60,56772
Mldsa44,append_realtime,61,116658
Mldsa44,append_realtime,62,57788
Mldsa44,append_realtime,63,79457
Mldsa44,append_realtime,64,78898
Mldsa44,append_realtime,65,55144
Mldsa44,append_realtime,66,77376
Mldsa44,append_realtime,67,53004
Mldsa44,append_realtime,68,91203
Mldsa44,append_realtime,69,95386
Mldsa44,append_realtime,70,61170
Mldsa44,append_realtime,71,53824
Mldsa44,append_realtime,72,74936
Mldsa44,append_realtime,73,98016
Mldsa44,append_realtime,74,100140
Mldsa44,append_realtime,75,91381
Mldsa44,append_realtime,76,87690
Mldsa44,append_realtime,77,54070
Mldsa44,append_realtime,78,70237
Mldsa44,append_realtime,79,94953
Mldsa44,append_realtime,80,98826
Mldsa44,append_realtime,81,68173
Mldsa44,append_realtime,82,78548
Mldsa44,append_realtime,83,161232
Mldsa44,append_realtime,84,69360
Mldsa44,append_realtime,85,105135
Mldsa44,append_realtime,86,127481
Mldsa44,append_realtime,87,60256
Mldsa44,append_realtime,88,60297
Mldsa44,append_realtime,89,65420
Mldsa44,append_realtime,90,62295
Mldsa44,append_realtime,91,76478
Mldsa44,append_realtime,92,62677
Mldsa44,append_realtime,93,56226
Mldsa44,append_realtime,94,80488
Mldsa44,append_realtime,95,83740
Mldsa44,append_realtime,96,90982
Mldsa44,append_realtime,97,59521
Mldsa44,append_realtime,98,104828
Mldsa44,append_realtime,99,109627
Mldsa44,append_realtime,100,59543
Mldsa44,append_sign,0,35833
Mldsa44,append_sign,1,36850
Mldsa44,append_sign,2,53085
Mldsa44,append_sign,3,44136
Mldsa44,append_sign,4,54519
Mldsa44,append_sign,5,53145
Mldsa44,append_sign,6,61423
Mldsa44,append_sign,7,70106
Mldsa44,append_sign,8,45470
Mldsa44,append_sign,9,70278
Mldsa44,append_sign,10,45469
Mldsa44,append_sign,11,110994
Mldsa44,append_sign,12,58938
Mldsa44,append_sign,13,58808
Mldsa44,append_sign,14,87878
Mldsa44,append_sign,15,74608
Mldsa44,append_sign,16,51679
Mldsa44,append_sign,17,145314
Mldsa44,append_sign,18,53408
Mldsa44,append_sign,19,56041
Mldsa44,append_sign,20,44637
Mldsa44,append_sign,21,44359
Mldsa44,append_sign,22,61126
Mldsa44,append_sign,23,53939
Mldsa44,append_sign,24,67415
Mldsa44,append_sign,25,45288
Mldsa44,append_sign,26,66792
Mldsa44,append_sign,27,52099
Mldsa44,append_sign,28,61910
Mldsa44,append_sign,29,53504
Mldsa44,append_sign,30,81238
Mldsa44,append_sign,31,51139
Mldsa44,append_sign,32,52610
Mldsa44,append_sign,33,53814
Mldsa44,append_sign,34,65708
Mldsa44,append_sign,35,54756
Mldsa44,append_sign,36,36674
Mldsa44,append_sign,37,80002
Mldsa44,append_sign,38,36380
Mldsa44,append_sign,39,45361
Mldsa44,append_sign,40,156232
Mldsa44,append_sign,41,118427
Mldsa44,append_sign,42,85437
Mldsa44,append_sign,43,62283
Mldsa44,append_sign,44,37434
Mldsa44,append_sign,45,44039
Mldsa44,append_sign,46,50639
Mldsa44,append_sign,47,68351
Mldsa44,append_sign,48,54536
Mldsa44,append_sign,49,52885
Mldsa44,append_sign,50,44036
Mldsa44,append_sign,51,36052
Mldsa44,append_sign,52,51427
Mldsa44,append_sign,53,67709
Mldsa44,append_sign,54,45195
Mldsa44,append_sign,55,73199
Mldsa44,append_sign,56,52847
Mldsa44,append_sign,57,53857
Mldsa44,append_sign,58,67919
Mldsa44,append_sign,59,162128
Mldsa44,append_sign,60,126818
Mldsa44,append_sign,61,101159
Mldsa44,append_sign,62,217252
Mldsa44,append_sign,63,121662
Mldsa44,append_sign,64,315670
Mldsa44,append_sign,65,158669
Mldsa44,append_sign,66,199474
Mldsa44,append_sign,67,178874
Mldsa44,append_sign,68,121954
Mldsa44,append_sign,69,78426
Mldsa44,append_sign,70,243199
Mldsa44,append_sign,71,62487
Mldsa44,append_sign,72,148834
Mldsa44,append_sign,73,129238
Mldsa44,append_sign,74,54291
Mldsa44,append_sign,75,44129
Mldsa44,append_sign,76,36299
Mldsa44,append_sign,77,52653
Mldsa44,append_sign,78,62444
Mldsa44,append_sign,79,38124
Mldsa44,append_sign,80,36915
Mldsa44,append_sign,81,167219
Mldsa44,append_sign,82,110348
Mldsa44,append_sign,83,117448
Mldsa44,append_sign,84,64350
Mldsa44,append_sign,85,71753
Mldsa44,append_sign,86,52190
Mldsa44,append_sign,87,43814
Mldsa44,append_sign,88,55779
Mldsa44,append_sign,89,69738
Mldsa44,append_sign,90,88188
Mldsa44,append_sign,91,36657
Mldsa44,append_sign,92,51730
Mldsa44,append_sign,93,37309
Mldsa44,append_sign,94,52263
Mldsa44,append_sign,95,55281
Mldsa44,append_sign,96,46344
Mldsa44,append_sign,97,131749
Mldsa44,append_sign,98,54822
Mldsa44,append_sign,99,62000
Mldsa44,append_sign,100,120201
Mldsa65,keygen,0,28195
Mldsa65,keygen,1,27938
Mldsa65,keygen,2,28155
Mldsa65,keygen,3,28308
Mldsa65,keygen,4,28247
Mldsa65,keygen,5,28371
Mldsa65,keygen,6,34525
Mldsa65,keygen,7,28096
Mldsa65,keygen,8,28264
Mldsa65,keygen,9,28130
Mldsa65,keygen,10,28231
Mldsa65,keygen,11,28149
Mldsa65,keygen,12,28020
Mldsa65,keygen,13,28563
Mldsa65,keygen,14,28328
Mldsa65,keygen,15,28066
Mldsa65,keygen,16,28341
Mldsa65,keygen,17,28094
Mldsa65,keygen,18,27893
Mldsa65,keygen,19,28041
Mldsa65,keygen,20,28263
Mldsa65,keygen,21,28273
Mldsa65,keygen,22,27974
Mldsa65,keygen,23,28014
Mldsa65,keygen,24,28420
Mldsa65,keygen,25,28100
Mldsa65,keygen,26,28102
Mldsa65,keygen,27,29243
Mldsa65,keygen,28,28111
Mldsa65,keygen,29,28057
Mldsa65,keygen,30,27991
Mldsa65,keygen,31,28163
Mldsa65,keygen,32,28311
Mldsa65,keygen,33,28359
Mldsa65,keygen,34,28218
Mldsa65,keygen,35,28155
Mldsa65,keygen,36,28066
Mldsa65,keygen,37,28195
Mldsa65,keygen,38,28180
Mldsa65,keygen,39,28321
Mldsa65,keygen,40,28092
Mldsa65,keygen,41,28293
Mldsa65,keygen,42,28440
Mldsa65,keygen,43,27930
Mldsa65,keygen,44,28338
Mldsa65,keygen,45,28288
Mldsa65,keygen,46,28288
Mldsa65,keygen,47,28343
Mldsa65,keygen,48,28076
Mldsa65,keygen,49,28001
Mldsa65,keygen,50,28131
Mldsa65,keygen,51,28024
Mldsa65,keygen,52,28266
Mldsa65,keygen,53,28319
Mldsa65,keygen,54,28267
Mldsa65,keygen,55,41973
Mldsa65,keygen,56,28421
Mldsa65,keygen,57,28115
Mldsa65,keygen,58,28261
Mldsa65,keygen,59,28201
Mldsa65,keygen,60,28408
Mldsa65,keygen,61,28165
Mldsa65,keygen,62,28150
Mldsa65,keygen,63,28232
Mldsa65,keygen,64,38345
Mldsa65,keygen,65,28455
Mldsa65,keygen,66,28296
Mldsa65,keygen,67,35020
Mldsa65,keygen,68,28266
Mldsa65,keygen,69,28257
Mldsa65,keygen,70,28120
Mldsa65,keygen,71,28154
Mldsa65,keygen,72,28285
Mldsa65,keygen,73,28050
Mldsa65,keygen,74,28006
Mldsa65,keygen,75,28265
Mldsa65,keygen,76,27865
Mldsa65,keygen,77,28272
Mldsa65,keygen,78,27889
Mldsa65,keygen,79,27815
Mldsa65,keygen,80,27960
Mldsa65,keygen,81,27843
Mldsa65,keygen,82,28065
Mldsa65,keygen,83,28084
Mldsa65,keygen,84,28384
Mldsa65,keygen,85,28045
Mldsa65,keygen,86,27899
Mldsa65,keygen,87,28287
Mldsa65,keygen,88,28351
Mldsa65,keygen,89,28275
Mldsa65,keygen,90,27908
Mldsa65,keygen,91,28113
Mldsa65,keygen,92,28002
Mldsa65,keygen,93,28272
Mldsa65,keygen,94,28009
Mldsa65,keygen,95,28097
Mldsa65,keygen,96,27951
Mldsa65,keygen,97,28090
Mldsa65,keygen,98,28015
Mldsa65,keygen,99,28320
Mldsa65,keygen,100,28148
Mldsa65,append_realtime,0,82363
Mldsa65,append_realtime,1,81950
Mldsa65,append_realtime,2,115372
Mldsa65,append_realtime,3,82227
Mldsa65,append_realtime,4,137641
Mldsa65,append_realtime,5,126047
Mldsa65,append_realtime,6,91188
Mldsa65,append_realtime,7,91404
Mldsa65,append_realtime,8,118622
Mldsa65,append_realtime,9,139196
Mldsa65,append_realtime,10,113803
Mldsa65,append_realtime,11,138464
Mldsa65,append_realtime,12,136826
Mldsa65,append_realtime,13,85045
Mldsa65,append_realtime,14,161383
Mldsa65,append_realtime,15,158121
Mldsa65,append_realtime,16,173180
Mldsa65,append_realtime,17,165223
Mldsa65,append_realtime,18,97773
Mldsa65,append_realtime,19,85350
Mldsa65,append_realtime,20,204517
Mldsa65,append_realtime,21,206521
Mldsa65,append_realtime,22,129057
Mldsa65,append_realtime,23,97217
Mldsa65,append_realtime,24,106925
Mldsa65,append_realtime,25,232401
Mldsa65,append_realtime,26,267381
Mldsa65,append_realtime,27,102510
Mldsa65,append_realtime,28,119048
Mldsa65,append_realtime,29,125236
Mldsa65,append_realtime,30,108035
Mldsa65,append_realtime,31,270115
Mldsa65,append_realtime,32,85197
Mldsa65,append_realtime,33,128384
Mldsa65,append_realtime,34,301440
Mldsa65,append_realtime,35,150219
Mldsa65,append_realtime,36,130379
Mldsa65,append_realtime,37,356120
Mldsa65,append_realtime,38,92071
Mldsa65,append_realtime,39,92729
Mldsa65,append_realtime,40,82500
Mldsa65,append_realtime,41,233697
Mldsa65,append_realtime,42,160577
Mldsa65,append_realtime,43,89637
Mldsa65,append_realtime,44,102789
Mldsa65,append_realtime,45,103189
Mldsa65,append_realtime,46,103861
Mldsa65,append_realtime,47,180358
Mldsa65,append_realtime,48,135530
Mldsa65,append_realtime,49,107693
Mldsa65,append_realtime,50,129113
Mldsa65,append_realtime,51,83065
Mldsa65,append_realtime,52,83416
Mldsa65,append_realtime,53,113316
Mldsa65,append_realtime,54,140480
Mldsa65,append_realtime,55,124171
Mldsa65,append_realtime,56,115133
Mldsa65,append_realtime,57,81997
Mldsa65,append_realtime,58,82061
Mldsa65,append_realtime,59,185860
Mldsa65,append_realtime,60,149975
Mldsa65,append_realtime,61,105438
Mldsa65,append_realtime,62,147923
Mldsa65,append_realtime,63,84245
Mldsa65,append_realtime,64,95570
Mldsa65,append_realtime,65,82918
Mldsa65,append_realtime,66,91736
Mldsa65,append_realtime,67,126912
Mldsa65,append_realtime,68,144935
Mldsa65,append_realtime,69,138984
Mldsa65,append_realtime,70,92957
Mldsa65,append_realtime,71,154679
Mldsa65,append_realtime,72,125408
Mldsa65,append_realtime,73,83739
Mldsa65,append_realtime,74,105671
Mldsa65,append_realtime,75,114554
Mldsa65,append_realtime,76,99017
Mldsa65,append_realtime,77,93308
Mldsa65,append_realtime,78,233791
Mldsa65,append_realtime,79,116159
Mldsa65,append_realtime,80,298085
Mldsa65,append_realtime,81,108596
Mldsa65,append_realtime,82,137986
Mldsa65,append_realtime,83,211485
Mldsa65,append_realtime,84,140378
Mldsa65,append_realtime,85,93174
Mldsa65,append_realtime,86,82083
Mldsa65,append_realtime,87,91733
Mldsa65,append_realtime,88,82583
Mldsa65,append_realtime,89,94050
Mldsa65,append_realtime,90,117782
Mldsa65,append_realtime,91,208250
Mldsa65,append_realtime,92,102152
Mldsa65,append_realtime,93,213632
Mldsa65,append_realtime,94,118499
Mldsa65,append_realtime,95,116755
Mldsa65,append_realtime,96,143352
Mldsa65,append_realtime,97,106298
Mldsa65,append_realtime,98,137448
Mldsa65,append_realtime,99,81654
Mldsa65,append_realtime,100,94561
Mldsa65,append_sign,0,56806
Mldsa65,append_sign,1,118264
Mldsa65,append_sign,2,181269
Mldsa65,append_sign,3,54193
Mldsa65,append_sign,4,53232
Mldsa65,append_sign,5,174835
Mldsa65,append_sign,6,130261
Mldsa65,append_sign,7,226906
Mldsa65,append_sign,8,53571
Mldsa65,append_sign,9,119583
Mldsa65,append_sign,10,106124
Mldsa65,append_sign,11,127841
Mldsa65,append_sign,12,53154
Mldsa65,append_sign,13,53287
Mldsa65,append_sign,14,164402
Mldsa65,append_sign,15,69993
Mldsa65,append_sign,16,134977
Mldsa65,append_sign,17,86738
Mldsa65,append_sign,18,78169
Mldsa65,append_sign,19,96075
Mldsa65,append_sign,20,63239
Mldsa65,append_sign,21,112852
Mldsa65,append_sign,22,151889
Mldsa65,append_sign,23,101375
Mldsa65,append_sign,24,207761
Mldsa65,append_sign,25,53942
Mldsa65,append_sign,26,53796
Mldsa65,append_sign,27,84430
Mldsa65,append_sign,28,121862
Mldsa65,append_sign,29,58766
Mldsa65,append_sign,30,55103
Mldsa65,append_sign,31,76560
Mldsa65,append_sign,32,95780
Mldsa65,append_sign,33,55136
Mldsa65,append_sign,34,86842
Mldsa65,append_sign,35,65764
Mldsa65,append_sign,36,130622
Mldsa65,append_sign,37,65883
Mldsa65,append_sign,38,62090
Mldsa65,append_sign,39,108205
Mldsa65,append_sign,40,66871
Mldsa65,append_sign,41,52486
Mldsa65,append_sign,42,287463
Mldsa65,append_sign,43,88818
Mldsa65,append_sign,44,87439
Mldsa65,append_sign,45,143008
Mldsa65,append_sign,46,171623
Mldsa65,append_sign,47,89324
Mldsa65,append_sign,48,100360
Mldsa65,append_sign,49,69922
Mldsa65,append_sign,50,54682
Mldsa65,append_sign,51,54737
Mldsa65,append_sign,52,110307
Mldsa65,append_sign,53,98068
Mldsa65,append_sign,54,337158
Mldsa65,append_sign,55,203403
Mldsa65,append_sign,56,59577
Mldsa65,append_sign,57,53862
Mldsa65,append_sign,58,97313
Mldsa65,append_sign,59,63287
Mldsa65,append_sign,60,107596
Mldsa65,append_sign,61,166462
Mldsa65,append_sign,62,83455
Mldsa65,append_sign,63,110160
Mldsa65,append_sign,64,100830
Mldsa65,append_sign,65,132306
Mldsa65,append_sign,66,145203
Mldsa65,append_sign,67,103168
Mldsa65,append_sign,68,54265
Mldsa65,append_sign,69,178445
Mldsa65,append_sign,70,108484
Mldsa65,append_sign,71,86071
Mldsa65,append_sign,72,53756
Mldsa65,append_sign,73,74674
Mldsa65,append_sign,74,64049
Mldsa65,append_sign,75,75865
Mldsa65,append_sign,76,79581
Mldsa65,append_sign,77,159504
Mldsa65,append_sign,78,53591
Mldsa65,append_sign,79,154392
Mldsa65,append_sign,80,54392
Mldsa65,append_sign,81,74105
Mldsa65,append_sign,82,142880
Mldsa65,append_sign,83,64974
Mldsa65,append_sign,84,156990
Mldsa65,append_sign,85,193547
Mldsa65,append_sign,86,79285
Mldsa65,append_sign,87,108222
Mldsa65,append_sign,88,54828
Mldsa65,append_sign,89,183323
Mldsa65,append_sign,90,66448
Mldsa65,append_sign,91,87372
Mldsa65,append_sign,92,55318
Mldsa65,append_sign,93,144184
Mldsa65,append_sign,94,120914
Mldsa65,append_sign,95,64723
Mldsa65,append_sign,96,128646
Mldsa65,append_sign,97,63952
Mldsa65,append_sign,98,53875
Mldsa65,append_sign,99,73319
Mldsa65,append_sign,100,110526
Mldsa87,keygen,0,44299
Mldsa87,keygen,1,44840
Mldsa87,keygen,2,44672
Mldsa87,keygen,3,43187
Mldsa87,keygen,4,44367
Mldsa87,keygen,5,44574
Mldsa87,keygen,6,44160
Mldsa87,keygen,7,44451
Mldsa87,keygen,8,44261
Mldsa87,keygen,9,44526
Mldsa87,keygen,10,44624
Mldsa87,keygen,11,44602
Mldsa87,keygen,12,44747
Mldsa87,keygen,13,44217
Mldsa87,keygen,14,43515
Mldsa87,keygen,15,44599
Mldsa87,keygen,16,44838
Mldsa87,keygen,17,44414
Mldsa87,keygen,18,72987
Mldsa87,keygen,19,45172
Mldsa87,keygen,20,43552
Mldsa87,keygen,21,44970
Mldsa87,keygen,22,46062
Mldsa87,keygen,23,50188
Mldsa87,keygen,24,44846
Mldsa87,keygen,25,44395
Mldsa87,keygen,26,44782
Mldsa87,keygen,27,44518
Mldsa87,keygen,28,44183
Mldsa87,keygen,29,44537
Mldsa87,keygen,30,44660
Mldsa87,keygen,31,43901
Mldsa87,keygen,32,44677
Mldsa87,keygen,33,44797
Mldsa87,keygen,34,58613
Mldsa87,keygen,35,44945
Mldsa87,keygen,36,45751
Mldsa87,keygen,37,46285
Mldsa87,keygen,38,44770
Mldsa87,keygen,39,44556
Mldsa87,keygen,40,44877
Mldsa87,keygen,41,44842
Mldsa87,keygen,42,44464
Mldsa87,keygen,43,44583
Mldsa87,keygen,44,44353
Mldsa87,keygen,45,44387
Mldsa87,keygen,46,44375
Mldsa87,keygen,47,44330
Mldsa87,keygen,48,44813
Mldsa87,keygen,49,44440
Mldsa87,keygen,50,44667
Mldsa87,keygen,51,44231
Mldsa87,keygen,52,44214
Mldsa87,keygen,53,44561
Mldsa87,keygen,54,44441
Mldsa87,keygen,55,44788
Mldsa87,keygen,56,43953
Mldsa87,keygen,57,44221
Mldsa87,keygen,58,44677
Mldsa87,keygen,59,44188
Mldsa87,keygen,60,44614
Mldsa87,keygen,61,44683
Mldsa87,keygen,62,44194
Mldsa87,keygen,63,44258
Mldsa87,keygen,64,44732
Mldsa87,keygen,65,44484
Mldsa87,keygen,66,44433
Mldsa87,keygen,67,50690
Mldsa87,keygen,68,44744
Mldsa87,keygen,69,43982
Mldsa87,keygen,70,45214
Mldsa87,keygen,71,43997
Mldsa87,keygen,72,44443
Mldsa87,keygen,73,44352
Mldsa87,keygen,74,44779
Mldsa87,keygen,75,44925
Mldsa87,keygen,76,125610
Mldsa87,keygen,77,54901
Mldsa87,keygen,78,128898
Mldsa87,keygen,79,106255
Mldsa87,keygen,80,45976
Mldsa87,keygen,81,45223
Mldsa87,keygen,82,45498
Mldsa87,keygen,83,45340
Mldsa87,keygen,84,45570
Mldsa87,keygen,85,88184
Mldsa87,keygen,86,45409
Mldsa87,keygen,87,46105
Mldsa87,keygen,88,76199
Mldsa87,keygen,89,46129
Mldsa87,keygen,90,46233
Mldsa87,keygen,91,44348
Mldsa87,keygen,92,44904
Mldsa87,keygen,93,50412
Mldsa87,keygen,94,44522
Mldsa87,keygen,95,44632
Mldsa87,keygen,96,44258
Mldsa87,keygen,97,44321
Mldsa87,keygen,98,45231
Mldsa87,keygen,99,44840
Mldsa87,keygen,100,45274
Mldsa87,append_realtime,0,135945
Mldsa87,append_realtime,1,121510
Mldsa87,append_realtime,2,179664
Mldsa87,append_realtime,3,121959
Mldsa87,append_realtime,4,149021
Mldsa87,append_realtime,5,133634
Mldsa87,append_realtime,6,196835
Mldsa87,append_realtime,7,176399
Mldsa87,append_realtime,8,177687
Mldsa87,append_realtime,9,148254
Mldsa87,append_realtime,10,135714
Mldsa87,append_realtime,11,304286
Mldsa87,append_realtime,12,237463
Mldsa87,append_realtime,13,147040
Mldsa87,append_realtime,14,124507
Mldsa87,append_realtime,15,122048
Mldsa87,append_realtime,16,174657
Mldsa87,append_realtime,17,138887
Mldsa87,append_realtime,18,122290
Mldsa87,append_realtime,19,150788
Mldsa87,append_realtime,20,140366
Mldsa87,append_realtime,21,213201
Mldsa87,append_realtime,22,142576
Mldsa87,append_realtime,23,195667
Mldsa87,append_realtime,24,239297
Mldsa87,append_realtime,25,149609
Mldsa87,append_realtime,26,216310
Mldsa87,append_realtime,27,320010
Mldsa87,append_realtime,28,176282
Mldsa87,append_realtime,29,138041
Mldsa87,append_realtime,30,160983
Mldsa87,append_realtime,31,135967
Mldsa87,append_realtime,32,190850
Mldsa87,append_realtime,33,133307
Mldsa87,append_realtime,34,155388
Mldsa87,append_realtime,35,150429
Mldsa87,append_realtime,36,189500
Mldsa87,append_realtime,37,224282
Mldsa87,append_realtime,38,121099
Mldsa87,append_realtime,39,136279
Mldsa87,append_realtime,40,157577
Mldsa87,append_realtime,41,205487
Mldsa87,append_realtime,42,138080
Mldsa87,append_realtime,43,137083
Mldsa87,append_realtime,44,260650
Mldsa87,append_realtime,45,165575
Mldsa87,append_realtime,46,187535
Mldsa87,append_realtime,47,207371
Mldsa87,append_realtime,48,121269
Mldsa87,append_realtime,49,161451
Mldsa87,append_realtime,50,128097
Mldsa87,append_realtime,51,243149
Mldsa87,append_realtime,52,261579
Mldsa87,append_realtime,53,177249
Mldsa87,append_realtime,54,146363
Mldsa87,append_realtime,55,120788
Mldsa87,append_realtime,56,174643
Mldsa87,append_realtime,57,153980
Mldsa87,append_realtime,58,133666
Mldsa87,append_realtime,59,133324
Mldsa87,append_realtime,60,156997
Mldsa87,append_realtime,61,150899
Mldsa87,append_realtime,62,123002
Mldsa87,append_realtime,63,193829
Mldsa87,append_realtime,64,137471
Mldsa87,append_realtime,65,173634
Mldsa87,append_realtime,66,348166
Mldsa87,append_realtime,67,123489
Mldsa87,append_realtime,68,122892
Mldsa87,append_realtime,69,185209
Mldsa87,append_realtime,70,124290
Mldsa87,append_realtime,71,136783
Mldsa87,append_realtime,72,210551
Mldsa87,append_realtime,73,280539
Mldsa87,append_realtime,74,332263
Mldsa87,append_realtime,75,185201
Mldsa87,append_realtime,76,152996
Mldsa87,append_realtime,77,184700
Mldsa87,append_realtime,78,126024
Mldsa87,append_realtime,79,206450
Mldsa87,append_realtime,80,128805
Mldsa87,append_realtime,81,145829
Mldsa87,append_realtime,82,339507
Mldsa87,append_realtime,83,168516
Mldsa87,append_realtime,84,184633
Mldsa87,append_realtime,85,119558
Mldsa87,append_realtime,86,132398
Mldsa87,append_realtime,87,130870
Mldsa87,append_realtime,88,132799
Mldsa87,append_realtime,89,156620
Mldsa87,append_realtime,90,118724
Mldsa87,append_realtime,91,149502
Mldsa87,append_realtime,92,158960
Mldsa87,append_realtime,93,147051
Mldsa87,append_realtime,94,183955
Mldsa87,append_realtime,95,122417
Mldsa87,append_realtime,96,119873
Mldsa87,append_realtime,97,119227
Mldsa87,append_realtime,98,134804
Mldsa87,append_realtime,99,131010
Mldsa87,append_realtime,100,151990
Mldsa87,append_sign,0,128111
Mldsa87,append_sign,1,153699
Mldsa87,append_sign,2,74950
Mldsa87,append_sign,3,87956
Mldsa87,append_sign,4,76464
Mldsa87,append_sign,5,77588
Mldsa87,append_sign,6,103453
Mldsa87,append_sign,7,77875
Mldsa87,append_sign,8,116016
Mldsa87,append_sign,9,91383
Mldsa87,append_sign,10,187188
Mldsa87,append_sign,11,100374
Mldsa87,append_sign,12,128529
Mldsa87,append_sign,13,75802
Mldsa87,append_sign,14,88781
Mldsa87,append_sign,15,87636
Mldsa87,append_sign,16,127695
Mldsa87,append_sign,17,199712
Mldsa87,append_sign,18,319211
Mldsa87,append_sign,19,100606
Mldsa87,append_sign,20,299262
Mldsa87,append_sign,21,107309
Mldsa87,append_sign,22,150143
Mldsa87,append_sign,23,76450
Mldsa87,append_sign,24,87543
Mldsa87,append_sign,25,75137
Mldsa87,append_sign,26,99932
Mldsa87,append_sign,27,99244
Mldsa87,append_sign,28,152244
Mldsa87,append_sign,29,78691
Mldsa87,append_sign,30,129822
Mldsa87,append_sign,31,110202
Mldsa87,append_sign,32,106962
Mldsa87,append_sign,33,89874
Mldsa87,append_sign,34,160738
Mldsa87,append_sign,35,76447
Mldsa87,append_sign,36,101946
Mldsa87,append_sign,37,94109
Mldsa87,append_sign,38,106039
Mldsa87,append_sign,39,93196
Mldsa87,append_sign,40,233142
Mldsa87,append_sign,41,161175
Mldsa87,append_sign,42,89848
Mldsa87,append_sign,43,114548
Mldsa87,append_sign,44,77346
Mldsa87,append_sign,45,92844
Mldsa87,append_sign,46,117704
Mldsa87,append_sign,47,88727
Mldsa87,append_sign,48,77511
Mldsa87,append_sign,49,119465
Mldsa87,append_sign,50,120221
Mldsa87,append_sign,51,83621
Mldsa87,append_sign,52,166329
Mldsa87,append_sign,53,148991
Mldsa87,append_sign,54,178897
Mldsa87,append_sign,55,91469
Mldsa87,append_sign,56,81951
Mldsa87,append_sign,57,90033
Mldsa87,append_sign,58,76245
Mldsa87,append_sign,59,169302
Mldsa87,append_sign,60,248410
Mldsa87,append_sign,61,129850
Mldsa87,append_sign,62,75499
Mldsa87,append_sign,63,86500
Mldsa87,append_sign,64,74951
Mldsa87,append_sign,65,183041
Mldsa87,append_sign,66,177725
Mldsa87,append_sign,67,88861
Mldsa87,append_sign,68,74732
Mldsa87,append_sign,69,126375
Mldsa87,append_sign,70,112789
Mldsa87,append_sign,71,114647
Mldsa87,append_sign,72,110057
Mldsa87,append_sign,73,90984
Mldsa87,append_sign,74,149150
Mldsa87,append_sign,75,103673
Mldsa87,append_sign,76,149175
Mldsa87,append_sign,77,189947
Mldsa87,append_sign,78,94820
Mldsa87,append_sign,79,139246
Mldsa87,append_sign,80,181782
Mldsa87,append_sign,81,175454
Mldsa87,append_sign,82,75235
Mldsa87,append_sign,83,84628
Mldsa87,append_sign,84,112648
Mldsa87,append_sign,85,81226
Mldsa87,append_sign,86,88838
Mldsa87,append_sign,87,79883
Mldsa87,append_sign,88,228582
Mldsa87,append_sign,89,168473
Mldsa87,append_sign,90,146129
Mldsa87,append_sign,91,95825
Mldsa87,append_sign,92,120400
Mldsa87,append_sign,93,163161
Mldsa87,append_sign,94,103903
Mldsa87,append_sign,95,120408
Mldsa87,append_sign,96,92443
Mldsa87,append_sign,97,105197
Mldsa87,append_sign,98,105076
Mldsa87,append_sign,99,89539
Mldsa87,append_sign,100,424273
Fndsa512,keygen,0,5124726
Fndsa512,keygen,1,3882028
Fndsa512,keygen,2,3779351
Fndsa512,keygen,3,4179803
Fndsa512,keygen,4,3295655
Fndsa512,keygen,5,6426302
Fndsa512,keygen,6,6128715
Fndsa512,keygen,7,4922849
Fndsa512,keygen,8,4313202
Fndsa512,keygen,9,4330343
Fndsa512,keygen,10,5394404
Fndsa512,keygen,11,3347147
Fndsa512,keygen,12,5361521
Fndsa512,keygen,13,5265088
Fndsa512,keygen,14,4527946
Fndsa512,keygen,15,6394022
Fndsa512,keygen,16,3772946
Fndsa512,keygen,17,3503384
Fndsa512,keygen,18,4306637
Fndsa512,keygen,19,4512400
Fndsa512,keygen,20,3682608
Fndsa512,keygen,21,5964011
Fndsa512,keygen,22,4614555
Fndsa512,keygen,23,3961011
Fndsa512,keygen,24,7178990
Fndsa512,keygen,25,3911180
Fndsa512,keygen,26,11534598
Fndsa512,keygen,27,3930784
Fndsa512,keygen,28,3828866
Fndsa512,keygen,29,3956912
Fndsa512,keygen,30,3748216
Fndsa512,keygen,31,6893444
Fndsa512,keygen,32,4096325
Fndsa512,keygen,33,3854447
Fndsa512,keygen,34,4080908
Fndsa512,keygen,35,8293406
Fndsa512,keygen,36,3642918
Fndsa512,keygen,37,3744270
Fndsa512,keygen,38,8820278
Fndsa512,keygen,39,3940580
Fndsa512,keygen,40,4524741
Fndsa512,keygen,41,4075108
Fndsa512,keygen,42,4200886
Fndsa512,keygen,43,5188620
Fndsa512,keygen,44,5835870
Fndsa512,keygen,45,7757545
Fndsa512,keygen,46,3646418
Fndsa512,keygen,47,3598014
Fndsa512,keygen,48,5152255
Fndsa512,keygen,49,5480028
Fndsa512,keygen,50,5449966
Fndsa512,keygen,51,4538732
Fndsa512,keygen,52,5099328
Fndsa512,keygen,53,3858851
Fndsa512,keygen,54,3374707
Fndsa512,keygen,55,7144806
Fndsa512,keygen,56,3448119
Fndsa512,keygen,57,4671426
Fndsa512,keygen,58,6777244
Fndsa512,keygen,59,3484280
Fndsa512,keygen,60,5547031
Fndsa512,keygen,61,4873725
Fndsa512,keygen,62,5853821
Fndsa512,keygen,63,3441711
Fndsa512,keygen,64,4100810
Fndsa512,keygen,65,6969362
Fndsa512,keygen,66,3453137
Fndsa512,keygen,67,4113776
Fndsa512,keygen,68,5536760
Fndsa512,keygen,69,3788001
Fndsa512,keygen,70,3612312
Fndsa512,keygen,71,5886028
Fndsa512,keygen,72,3699247
Fndsa512,keygen,73,4691790
Fndsa512,keygen,74,4161460
Fndsa512,keygen,75,6441150
Fndsa512,keygen,76,3573510
Fndsa512,keygen,77,7159537
Fndsa512,keygen,78,6140369
Fndsa512,keygen,79,6118842
Fndsa512,keygen,80,4772826
Fndsa512,keygen,81,3954655
Fndsa512,keygen,82,5901810
Fndsa512,keygen,83,3355806
Fndsa512,keygen,84,7226975
Fndsa512,keygen,85,5236569
Fndsa512,keygen,86,7628421
Fndsa512,keygen,87,5421959
Fndsa512,keygen,88,3712546
Fndsa512,keygen,89,4012122
Fndsa512,keygen,90,3831429
Fndsa512,keygen,91,5125364
Fndsa512,keygen,92,5441761
Fndsa512,keygen,93,3454506
Fndsa512,keygen,94,3465794
Fndsa512,keygen,95,4657389
Fndsa512,keygen,96,4139946
Fndsa512,keygen,97,8783044
Fndsa512,keygen,98,4222314
Fndsa512,keygen,99,3566608
Fndsa512,keygen,100,4160613
Fndsa512,append_realtime,0,3405275
Fndsa512,append_realtime,1,5981096
Fndsa512,append_realtime,2,4431483
Fndsa512,append_realtime,3,4628930
Fndsa512,append_realtime,4,6855494
Fndsa512,append_realtime,5,5918867
Fndsa512,append_realtime,6,4905060
Fndsa512,append_realtime,7,4446148
Fndsa512,append_realtime,8,4135897
Fndsa512,append_realtime,9,5344129
Fndsa512,append_realtime,10,8419655
Fndsa512,append_realtime,11,4083310
Fndsa512,append_realtime,12,3804602
Fndsa512,append_realtime,13,5269453
Fndsa512,append_realtime,14,3368052
Fndsa512,append_realtime,15,4460675
Fndsa512,append_realtime,16,7338813
Fndsa512,append_realtime,17,3926636
Fndsa512,append_realtime,18,3516923
Fndsa512,append_realtime,19,3668376
Fndsa512,append_realtime,20,4150489
Fndsa512,append_realtime,21,3637450
Fndsa512,append_realtime,22,3627110
Fndsa512,append_realtime,23,5222989
Fndsa512,append_realtime,24,4235499
Fndsa512,append_realtime,25,4377561
Fndsa512,append_realtime,26,3727100
Fndsa512,append_realtime,27,4414408
Fndsa512,append_realtime,28,5326401
Fndsa512,append_realtime,29,4549122
Fndsa512,append_realtime,30,3433381
Fndsa512,append_realtime,31,7275198
Fndsa512,append_realtime,32,4399724
Fndsa512,append_realtime,33,3759497
Fndsa512,append_realtime,34,4291441
Fndsa512,append_realtime,35,4054117
Fndsa512,append_realtime,36,4027495
Fndsa512,append_realtime,37,4417243
Fndsa512,append_realtime,38,4021930
Fndsa512,append_realtime,39,5554369
Fndsa512,append_realtime,40,5317586
Fndsa512,append_realtime,41,6166848
Fndsa512,append_realtime,42,7856022
Fndsa512,append_realtime,43,3467401
Fndsa512,append_realtime,44,4883749
Fndsa512,append_realtime,45,4159005
Fndsa512,append_realtime,46,5768422
Fndsa512,append_realtime,47,4257113
Fndsa512,append_realtime,48,4165239
Fndsa512,append_realtime,49,4165714
Fndsa512,append_realtime,50,3739027
Fndsa512,append_realtime,51,3975822
Fndsa512,append_realtime,52,3680815
Fndsa512,append_realtime,53,3547555
Fndsa512,append_realtime,54,4845025
Fndsa512,append_realtime,55,6346839
Fndsa512,append_realtime,56,5876552
Fndsa512,append_realtime,57,3358291
Fndsa512,append_realtime,58,4410130
Fndsa512,append_realtime,59,4251390
Fndsa512,append_realtime,60,5028592
Fndsa512,append_realtime,61,3991541
Fndsa512,append_realtime,62,4908124
Fndsa512,append_realtime,63,3931147
Fndsa512,append_realtime,64,5088020
Fndsa512,append_realtime,65,4278535
Fndsa512,append_realtime,66,4159203
Fndsa512,append_realtime,67,3706790
Fndsa512,append_realtime,68,3404554
Fndsa512,append_realtime,69,3544418
Fndsa512,append_realtime,70,3777427
Fndsa512,append_realtime,71,4833196
Fndsa512,append_realtime,72,4332152
Fndsa512,append_realtime,73,11566231
Fndsa512,append_realtime,74,4562447
Fndsa512,append_realtime,75,3824257
Fndsa512,append_realtime,76,7580968
Fndsa512,append_realtime,77,4981251
Fndsa512,append_realtime,78,5474261
Fndsa512,append_realtime,79,4468091
Fndsa512,append_realtime,80,5192438
Fndsa512,append_realtime,81,3951067
Fndsa512,append_realtime,82,3830801
Fndsa512,append_realtime,83,7555040
Fndsa512,append_realtime,84,3888796
Fndsa512,append_realtime,85,4906080
Fndsa512,append_realtime,86,4822736
Fndsa512,append_realtime,87,4098443
Fndsa512,append_realtime,88,4774215
Fndsa512,append_realtime,89,4707862
Fndsa512,append_realtime,90,5961557
Fndsa512,append_realtime,91,3735930
Fndsa512,append_realtime,92,4357617
Fndsa512,append_realtime,93,4274041
Fndsa512,append_realtime,94,5793734
Fndsa512,append_realtime,95,5070168
Fndsa512,append_realtime,96,3580274
Fndsa512,append_realtime,97,3987797
Fndsa512,append_realtime,98,3544286
Fndsa512,append_realtime,99,4945913
Fndsa512,append_realtime,100,3434114
Fndsa512,append_sign,0,152623
Fndsa512,append_sign,1,148607
Fndsa512,append_sign,2,149623
Fndsa512,append_sign,3,147616
Fndsa512,append_sign,4,148546
Fndsa512,append_sign,5,149015
Fndsa512,append_sign,6,149861
Fndsa512,append_sign,7,151220
Fndsa512,append_sign,8,147486
Fndsa512,append_sign,9,150699
Fndsa512,append_sign,10,148444
Fndsa512,append_sign,11,158434
Fndsa512,append_sign,12,151445
Fndsa512,append_sign,13,151166
Fndsa512,append_sign,14,149711
Fndsa512,append_sign,15,159817
Fndsa512,append_sign,16,157465
Fndsa512,append_sign,17,150542
Fndsa512,append_sign,18,147986
Fndsa512,append_sign,19,148750
Fndsa512,append_sign,20,149250
Fndsa512,append_sign,21,152258
Fndsa512,append_sign,22,151193
Fndsa512,append_sign,23,156666
Fndsa512,append_sign,24,150802
Fndsa512,append_sign,25,155931
Fndsa512,append_sign,26,152189
Fndsa512,append_sign,27,146167
Fndsa512,append_sign,28,147857
Fndsa512,append_sign,29,145657
Fndsa512,append_sign,30,156642
Fndsa512,append_sign,31,151334
Fndsa512,append_sign,32,149494
Fndsa512,append_sign,33,150680
Fndsa512,append_sign,34,151442
Fndsa512,append_sign,35,149996
Fndsa512,append_sign,36,155191
Fndsa512,append_sign,37,152192
Fndsa512,append_sign,38,148201
Fndsa512,append_sign,39,148743
Fndsa512,append_sign,40,150758
Fndsa512,append_sign,41,146775
Fndsa512,append_sign,42,147203
Fndsa512,append_sign,43,163278
Fndsa512,append_sign,44,148177
Fndsa512,append_sign,45,149464
Fndsa512,append_sign,46,149614
Fndsa512,append_sign,47,148104
Fndsa512,append_sign,48,156177
Fndsa512,append_sign,49,147821
Fndsa512,append_sign,50,149992
Fndsa512,append_sign,51,151374
Fndsa512,append_sign,52,149913
Fndsa512,append_sign,53,151488
Fndsa512,append_sign,54,149290
Fndsa512,append_sign,55,150230
Fndsa512,append_sign,56,146741
Fndsa512,append_sign,57,144852
Fndsa512,append_sign,58,148210
Fndsa512,append_sign,59,147857
Fndsa512,append_sign,60,146852
Fndsa512,append_sign,61,158577
Fndsa512,append_sign,62,148874
Fndsa512,append_sign,63,148097
Fndsa512,append_sign,64,147931
Fndsa512,append_sign,65,147764
Fndsa512,append_sign,66,146455
Fndsa512,append_sign,67,146868
Fndsa512,append_sign,68,149374
Fndsa512,append_sign,69,148107
Fndsa512,append_sign,70,157775
Fndsa512,append_sign,71,157224
Fndsa512,append_sign,72,155131
Fndsa512,append_sign,73,149394
Fndsa512,append_sign,74,148568
Fndsa512,append_sign,75,148408
Fndsa512,append_sign,76,148333
Fndsa512,append_sign,77,148192
Fndsa512,append_sign,78,148141
Fndsa512,append_sign,79,147609
Fndsa512,append_sign,80,147795
Fndsa512,append_sign,81,148229
Fndsa512,append_sign,82,147887
Fndsa512,append_sign,83,149989
Fndsa512,append_sign,84,153801
Fndsa512,append_sign,85,148756
Fndsa512,append_sign,86,147869
Fndsa512,append_sign,87,149156
Fndsa512,append_sign,88,146971
Fndsa512,append_sign,89,147481
Fndsa512,append_sign,90,145197
Fndsa512,append_sign,91,145307
Fndsa512,append_sign,92,158367
Fndsa512,append_sign,93,153247
Fndsa512,append_sign,94,149567
Fndsa512,append_sign,95,158343
Fndsa512,append_sign,96,150893
Fndsa512,append_sign,97,151449
Fndsa512,append_sign,98,150358
Fndsa512,append_sign,99,148197
Fndsa512,append_sign,100,146599
Fndsa1024,keygen,0,12160207
Fndsa1024,keygen,1,13382081
Fndsa1024,keygen,2,13407923
Fndsa1024,keygen,3,12375828
Fndsa1024,keygen,4,12915503
Fndsa1024,keygen,5,20802670
Fndsa1024,keygen,6,11570632
Fndsa1024,keygen,7,11839724
Fndsa1024,keygen,8,16703352
Fndsa1024,keygen,9,15813865
Fndsa1024,keygen,10,11715095
Fndsa1024,keygen,11,11007168
Fndsa1024,keygen,12,10651424
Fndsa1024,keygen,13,12378312
Fndsa1024,keygen,14,15424613
Fndsa1024,keygen,15,11001683
Fndsa1024,keygen,16,14023044
Fndsa1024,keygen,17,13740586
Fndsa1024,keygen,18,12269042
Fndsa1024,keygen,19,14502241
Fndsa1024,keygen,20,18331931
Fndsa1024,keygen,21,10863557
Fndsa1024,keygen,22,11266752
Fndsa1024,keygen,23,11666365
Fndsa1024,keygen,24,12325945
Fndsa1024,keygen,25,14206149
Fndsa1024,keygen,26,13477071
Fndsa1024,keygen,27,16043201
Fndsa1024,keygen,28,11210737
Fndsa1024,keygen,29,24995532
Fndsa1024,keygen,30,12489836
Fndsa1024,keygen,31,15412187
Fndsa1024,keygen,32,10670876
Fndsa1024,keygen,33,12929856
Fndsa1024,keygen,34,11562518
Fndsa1024,keygen,35,12760417
Fndsa1024,keygen,36,17272886
Fndsa1024,keygen,37,12504258
Fndsa1024,keygen,38,12267669
Fndsa1024,keygen,39,15534637
Fndsa1024,keygen,40,12435297
Fndsa1024,keygen,41,12482282
Fndsa1024,keygen,42,14501353
Fndsa1024,keygen,43,16438863
Fndsa1024,keygen,44,11073646
Fndsa1024,keygen,45,12972268
Fndsa1024,keygen,46,13064699
Fndsa1024,keygen,47,11529837
Fndsa1024,keygen,48,11790487
Fndsa1024,keygen,49,13991776
Fndsa1024,keygen,50,14325247
Fndsa1024,keygen,51,16343091
Fndsa1024,keygen,52,11170048
Fndsa1024,keygen,53,15349766
Fndsa1024,keygen,54,16718391
Fndsa1024,keygen,55,11956709
Fndsa1024,keygen,56,17892889
Fndsa1024,keygen,57,11529720
Fndsa1024,keygen,58,11738701
Fndsa1024,keygen,59,13809239
Fndsa1024,keygen,60,13348165
Fndsa1024,keygen,61,10776586
Fndsa1024,keygen,62,11622230
Fndsa1024,keygen,63,10763059
Fndsa1024,keygen,64,11372490
Fndsa1024,keygen,65,11267806
Fndsa1024,keygen,66,11186154
Fndsa1024,keygen,67,24005117
Fndsa1024,keygen,68,11428608
Fndsa1024,keygen,69,19881034
Fndsa1024,keygen,70,11390360
Fndsa1024,keygen,71,11019533
Fndsa1024,keygen,72,11637555
Fndsa1024,keygen,73,29321004
Fndsa1024,keygen,74,12869195
Fndsa1024,keygen,75,16541449
Fndsa1024,keygen,76,11162296
Fndsa1024,keygen,77,11490076
Fndsa1024,keygen,78,11687497
Fndsa1024,keygen,79,13125978
Fndsa1024,keygen,80,11044060
Fndsa1024,keygen,81,13294119
Fndsa1024,keygen,82,11633087
Fndsa1024,keygen,83,17361662
Fndsa1024,keygen,84,13865637
Fndsa1024,keygen,85,12871104
Fndsa1024,keygen,86,24371122
Fndsa1024,keygen,87,12378916
Fndsa1024,keygen,88,11202098
Fndsa1024,keygen,89,13932235
Fndsa1024,keygen,90,21537595
Fndsa1024,keygen,91,14835623
Fndsa1024,keygen,92,19796490
Fndsa1024,keygen,93,13111168
Fndsa1024,keygen,94,12704972
Fndsa1024,keygen,95,20776669
Fndsa1024,keygen,96,10650409
Fndsa1024,keygen,97,11259817
Fndsa1024,keygen,98,12295230
Fndsa1024,keygen,99,12280864
Fndsa1024,keygen,100,20258695
Fndsa1024,append_realtime,0,12179259
Fndsa1024,append_realtime,1,14785390
Fndsa1024,append_realtime,2,12579804
Fndsa1024,append_realtime,3,12451449
Fndsa1024,append_realtime,4,13741995
Fndsa1024,append_realtime,5,12972372
Fndsa1024,append_realtime,6,14135070
Fndsa1024,append_realtime,7,11770910
Fndsa1024,append_realtime,8,12802733
Fndsa1024,append_realtime,9,13617345
Fndsa1024,append_realtime,10,16870368
Fndsa1024,append_realtime,11,14601124
Fndsa1024,append_realtime,12,11330772
Fndsa1024,append_realtime,13,17380793
Fndsa1024,append_realtime,14,11618078
Fndsa1024,append_realtime,15,12557571
Fndsa1024,append_realtime,16,10966294
Fndsa1024,append_realtime,17,14978108
Fndsa1024,append_realtime,18,15138203
Fndsa1024,append_realtime,19,25912413
Fndsa1024,append_realtime,20,12490390
Fndsa1024,append_realtime,21,13028308
Fndsa1024,append_realtime,22,14881690
Fndsa1024,append_realtime,23,11020593
Fndsa1024,append_realtime,24,12487217
Fndsa1024,append_realtime,25,11856628
Fndsa1024,append_realtime,26,15851521
Fndsa1024,append_realtime,27,11816510
Fndsa1024,append_realtime,28,12671427
Fndsa1024,append_realtime,29,15047377
Fndsa1024,append_realtime,30,16232705
Fndsa1024,append_realtime,31,17338452
Fndsa1024,append_realtime,32,12125120
Fndsa1024,append_realtime,33,11981311
Fndsa1024,append_realtime,34,11281593
Fndsa1024,append_realtime,35,14645653
Fndsa1024,append_realtime,36,13291387
Fndsa1024,append_realtime,37,15550592
Fndsa1024,append_realtime,38,13525527
Fndsa1024,append_realtime,39,13490886
Fndsa1024,append_realtime,40,12780784
Fndsa1024,append_realtime,41,11691402
Fndsa1024,append_realtime,42,13388918
Fndsa1024,append_realtime,43,11511982
Fndsa1024,append_realtime,44,12268916
Fndsa1024,append_realtime,45,17565544
Fndsa1024,append_realtime,46,11087221
Fndsa1024,append_realtime,47,16254073
Fndsa1024,append_realtime,48,11302622
Fndsa1024,append_realtime,49,21192600
Fndsa1024,append_realtime,50,11975232
Fndsa1024,append_realtime,51,11081986
Fndsa1024,append_realtime,52,14340327
Fndsa1024,append_realtime,53,12007466
Fndsa1024,append_realtime,54,11411447
Fndsa1024,append_realtime,55,11114613
Fndsa1024,append_realtime,56,12527869
Fndsa1024,append_realtime,57,24265940
Fndsa1024,append_realtime,58,11606336
Fndsa1024,append_realtime,59,11472894
Fndsa1024,append_realtime,60,12836192
Fndsa1024,append_realtime,61,14565206
Fndsa1024,append_realtime,62,12617671
Fndsa1024,append_realtime,63,11731826
Fndsa1024,append_realtime,64,13810534
Fndsa1024,append_realtime,65,14872935
Fndsa1024,append_realtime,66,12107193
Fndsa1024,append_realtime,67,14684736
Fndsa1024,append_realtime,68,13415574
Fndsa1024,append_realtime,69,17894837
Fndsa1024,append_realtime,70,15279576
Fndsa1024,append_realtime,71,14545353
Fndsa1024,append_realtime,72,11173952
Fndsa1024,append_realtime,73,11904261
Fndsa1024,append_realtime,74,11707055
Fndsa1024,append_realtime,75,11164578
Fndsa1024,append_realtime,76,13489575
Fndsa1024,append_realtime,77,11154614
Fndsa1024,append_realtime,78,15632604
Fndsa1024,append_realtime,79,15943137
Fndsa1024,append_realtime,80,14516369
Fndsa1024,append_realtime,81,11517852
Fndsa1024,append_realtime,82,13167595
Fndsa1024,append_realtime,83,14846578
Fndsa1024,append_realtime,84,15370537
Fndsa1024,append_realtime,85,12790034
Fndsa1024,append_realtime,86,17752547
Fndsa1024,append_realtime,87,11266921
Fndsa1024,append_realtime,88,11193929
Fndsa1024,append_realtime,89,28780321
Fndsa1024,append_realtime,90,14891704
Fndsa1024,append_realtime,91,14018158
Fndsa1024,append_realtime,92,30443245
Fndsa1024,append_realtime,93,14661919
Fndsa1024,append_realtime,94,20620569
Fndsa1024,append_realtime,95,20704440
Fndsa1024,append_realtime,96,13402039
Fndsa1024,append_realtime,97,13748079
Fndsa1024,append_realtime,98,14582200
Fndsa1024,append_realtime,99,21776202
Fndsa1024,append_realtime,100,15763401
Fndsa1024,append_sign,0,334524
Fndsa1024,append_sign,1,331259
Fndsa1024,append_sign,2,323731
Fndsa1024,append_sign,3,311121
Fndsa1024,append_sign,4,310666
Fndsa1024,append_sign,5,309616
Fndsa1024,append_sign,6,324205
Fndsa1024,append_sign,7,397339
Fndsa1024,append_sign,8,346668
Fndsa1024,append_sign,9,312274
Fndsa1024,append_sign,10,324094
Fndsa1024,append_sign,11,337300
Fndsa1024,append_sign,12,325617
Fndsa1024,append_sign,13,316167
Fndsa1024,append_sign,14,313137
Fndsa1024,append_sign,15,313385
Fndsa1024,append_sign,16,328122
Fndsa1024,append_sign,17,314824
Fndsa1024,append_sign,18,335014
Fndsa1024,append_sign,19,375223
Fndsa1024,append_sign,20,341705
Fndsa1024,append_sign,21,336984
Fndsa1024,append_sign,22,331139
Fndsa1024,append_sign,23,316419
Fndsa1024,append_sign,24,382487
Fndsa1024,append_sign,25,328356
Fndsa1024,append_sign,26,340355
Fndsa1024,append_sign,27,331831
Fndsa1024,append_sign,28,316924
Fndsa1024,append_sign,29,321725
Fndsa1024,append_sign,30,333188
Fndsa1024,append_sign,31,333822
Fndsa1024,append_sign,32,326123
Fndsa1024,append_sign,33,308986
Fndsa1024,append_sign,34,313719
Fndsa1024,append_sign,35,335211
Fndsa1024,append_sign,36,319084
Fndsa1024,append_sign,37,319758
Fndsa1024,append_sign,38,323432
Fndsa1024,append_sign,39,314083
Fndsa1024,append_sign,40,320525
Fndsa1024,append_sign,41,311351
Fndsa1024,append_sign,42,320510
Fndsa1024,append_sign,43,327959
Fndsa1024,append_sign,44,315025
Fndsa1024,append_sign,45,322445
Fndsa1024,append_sign,46,322037
Fndsa1024,append_sign,47,326195
Fndsa1024,append_sign,48,322964
Fndsa1024,append_sign,49,321679
Fndsa1024,append_sign,50,312557
Fndsa1024,append_sign,51,320027
Fndsa1024,append_sign,52,311239
Fndsa1024,append_sign,53,320207
Fndsa1024,append_sign,54,330438
Fndsa1024,append_sign,55,357330
Fndsa1024,append_sign,56,314952
Fndsa1024,append_sign,57,308099
Fndsa1024,append_sign,58,308304
Fndsa1024,append_sign,59,315988
Fndsa1024,append_sign,60,307317
Fndsa1024,append_sign,61,311170
Fndsa1024,append_sign,62,309367
Fndsa1024,append_sign,63,312476
Fndsa1024,append_sign,64,305636
Fndsa1024,append_sign,65,303118
Fndsa1024,append_sign,66,312796
Fndsa1024,append_sign,67,310886
Fndsa1024,append_sign,68,325093
Fndsa1024,append_sign,69,319311
Fndsa1024,append_sign,70,310409
Fndsa1024,append_sign,71,316960
Fndsa1024,append_sign,72,310620
Fndsa1024,append_sign,73,405102
Fndsa1024,append_sign,74,309132
Fndsa1024,append_sign,75,308894
Fndsa1024,append_sign,76,302918
Fndsa1024,append_sign,77,325634
Fndsa1024,append_sign,78,309320
Fndsa1024,append_sign,79,306544
Fndsa1024,append_sign,80,327128
Fndsa1024,append_sign,81,314144
Fndsa1024,append_sign,82,306454
Fndsa1024,append_sign,83,315297
Fndsa1024,append_sign,84,308351
Fndsa1024,append_sign,85,309141
Fndsa1024,append_sign,86,306738
Fndsa1024,append_sign,87,325165
Fndsa1024,append_sign,88,309152
Fndsa1024,append_sign,89,314357
Fndsa1024,append_sign,90,308027
Fndsa1024,append_sign,91,308180
Fndsa1024,append_sign,92,324210
Fndsa1024,append_sign,93,330256
Fndsa1024,append_sign,94,312998
Fndsa1024,append_sign,95,318639
Fndsa1024,append_sign,96,308889
Fndsa1024,append_sign,97,311250
Fndsa1024,append_sign,98,306957
Fndsa1024,append_sign,99,308816
Fndsa1024,append_sign,100,310285
HybridEdMldsa44,keygen,0,28568
HybridEdMldsa44,keygen,1,28620
HybridEdMldsa44,keygen,2,28395
HybridEdMldsa44,keygen,3,28483
HybridEdMldsa44,keygen,4,28887
HybridEdMldsa44,keygen,5,28567
HybridEdMldsa44,keygen,6,28017
HybridEdMldsa44,keygen,7,28316
HybridEdMldsa44,keygen,8,28526
HybridEdMldsa44,keygen,9,28691
HybridEdMldsa44,keygen,10,28344
HybridEdMldsa44,keygen,11,28660
HybridEdMldsa44,keygen,12,28741
HybridEdMldsa44,keygen,13,28737
HybridEdMldsa44,keygen,14,28327
HybridEdMldsa44,keygen,15,28677
HybridEdMldsa44,keygen,16,28855
HybridEdMldsa44,keygen,17,28575
HybridEdMldsa44,keygen,18,28676
HybridEdMldsa44,keygen,19,28399
HybridEdMldsa44,keygen,20,28495
HybridEdMldsa44,keygen,21,28557
HybridEdMldsa44,keygen,22,28617
HybridEdMldsa44,keygen,23,42158
HybridEdMldsa44,keygen,24,30245
HybridEdMldsa44,keygen,25,29659
HybridEdMldsa44,keygen,26,28680
HybridEdMldsa44,keygen,27,29026
HybridEdMldsa44,keygen,28,28605
HybridEdMldsa44,keygen,29,28651
HybridEdMldsa44,keygen,30,28810
HybridEdMldsa44,keygen,31,28660
HybridEdMldsa44,keygen,32,28999
HybridEdMldsa44,keygen,33,28736
HybridEdMldsa44,keygen,34,28843
HybridEdMldsa44,keygen,35,28661
HybridEdMldsa44,keygen,36,76565
HybridEdMldsa44,keygen,37,40508
HybridEdMldsa44,keygen,38,40395
HybridEdMldsa44,keygen,39,38950
HybridEdMldsa44,keygen,40,38590
HybridEdMldsa44,keygen,41,38171
HybridEdMldsa44,keygen,42,28545
HybridEdMldsa44,keygen,43,28149
HybridEdMldsa44,keygen,44,37416
HybridEdMldsa44,keygen,45,29312
HybridEdMldsa44,keygen,46,28918
HybridEdMldsa44,keygen,47,28636
HybridEdMldsa44,keygen,48,28805
HybridEdMldsa44,keygen,49,28944
HybridEdMldsa44,keygen,50,28571
HybridEdMldsa44,keygen,51,28574
HybridEdMldsa44,keygen,52,28513
HybridEdMldsa44,keygen,53,60095
HybridEdMldsa44,keygen,54,29916
HybridEdMldsa44,keygen,55,28815
HybridEdMldsa44,keygen,56,28635
HybridEdMldsa44,keygen,57,28765
HybridEdMldsa44,keygen,58,28189
HybridEdMldsa44,keygen,59,28553
HybridEdMldsa44,keygen,60,28640
HybridEdMldsa44,keygen,61,28643
HybridEdMldsa44,keygen,62,28496
HybridEdMldsa44,keygen,63,28554
HybridEdMldsa44,keygen,64,28446
HybridEdMldsa44,keygen,65,28634
HybridEdMldsa44,keygen,66,28583
HybridEdMldsa44,keygen,67,28537
HybridEdMldsa44,keygen,68,28647
HybridEdMldsa44,keygen,69,28539
HybridEdMldsa44,keygen,70,28580
HybridEdMldsa44,keygen,71,28552
HybridEdMldsa44,keygen,72,28631
HybridEdMldsa44,keygen,73,28690
HybridEdMldsa44,keygen,74,28465
HybridEdMldsa44,keygen,75,28470
HybridEdMldsa44,keygen,76,28539
HybridEdMldsa44,keygen,77,36743
HybridEdMldsa44,keygen,78,29286
HybridEdMldsa44,keygen,79,28790
HybridEdMldsa44,keygen,80,28684
HybridEdMldsa44,keygen,81,28150
HybridEdMldsa44,keygen,82,28567
HybridEdMldsa44,keygen,83,28635
HybridEdMldsa44,keygen,84,28618
HybridEdMldsa44,keygen,85,28433
HybridEdMldsa44,keygen,86,28358
HybridEdMldsa44,keygen,87,28720
HybridEdMldsa44,keygen,88,28035
HybridEdMldsa44,keygen,89,28362
HybridEdMldsa44,keygen,90,28624
HybridEdMldsa44,keygen,91,27610
HybridEdMldsa44,keygen,92,28451
HybridEdMldsa44,keygen,93,28407
HybridEdMldsa44,keygen,94,28665
HybridEdMldsa44,keygen,95,28711
HybridEdMldsa44,keygen,96,28634
HybridEdMldsa44,keygen,97,28532
HybridEdMldsa44,keygen,98,28554
HybridEdMldsa44,keygen,99,28503
HybridEdMldsa44,keygen,100,28730
HybridEdMldsa44,append_realtime,0,174536
HybridEdMldsa44,append_realtime,1,151615
HybridEdMldsa44,append_realtime,2,153797
HybridEdMldsa44,append_realtime,3,132949
HybridEdMldsa44,append_realtime,4,135429
HybridEdMldsa44,append_realtime,5,125210
HybridEdMldsa44,append_realtime,6,130776
HybridEdMldsa44,append_realtime,7,183779
HybridEdMldsa44,append_realtime,8,131388
HybridEdMldsa44,append_realtime,9,185426
HybridEdMldsa44,append_realtime,10,129886
HybridEdMldsa44,append_realtime,11,150702
HybridEdMldsa44,append_realtime,12,167025
HybridEdMldsa44,append_realtime,13,123831
HybridEdMldsa44,append_realtime,14,215898
HybridEdMldsa44,append_realtime,15,138276
HybridEdMldsa44,append_realtime,16,244294
HybridEdMldsa44,append_realtime,17,159836
HybridEdMldsa44,append_realtime,18,168866
HybridEdMldsa44,append_realtime,19,148438
HybridEdMldsa44,append_realtime,20,124725
HybridEdMldsa44,append_realtime,21,156346
HybridEdMldsa44,append_realtime,22,230371
HybridEdMldsa44,append_realtime,23,139614
HybridEdMldsa44,append_realtime,24,206579
HybridEdMldsa44,append_realtime,25,124350
HybridEdMldsa44,append_realtime,26,152160
HybridEdMldsa44,append_realtime,27,168092
HybridEdMldsa44,append_realtime,28,122911
HybridEdMldsa44,append_realtime,29,150662
HybridEdMldsa44,append_realtime,30,158266
HybridEdMldsa44,append_realtime,31,123463
HybridEdMldsa44,append_realtime,32,142849
HybridEdMldsa44,append_realtime,33,135434
HybridEdMldsa44,append_realtime,34,248546
HybridEdMldsa44,append_realtime,35,212836
HybridEdMldsa44,append_realtime,36,201120
HybridEdMldsa44,append_realtime,37,163894
HybridEdMldsa44,append_realtime,38,141291
HybridEdMldsa44,append_realtime,39,147393
HybridEdMldsa44,append_realtime,40,148823
HybridEdMldsa44,append_realtime,41,149521
HybridEdMldsa44,append_realtime,42,187388
HybridEdMldsa44,append_realtime,43,123503
HybridEdMldsa44,append_realtime,44,134503
HybridEdMldsa44,append_realtime,45,176619
HybridEdMldsa44,append_realtime,46,224349
HybridEdMldsa44,append_realtime,47,201490
HybridEdMldsa44,append_realtime,48,222730
HybridEdMldsa44,append_realtime,49,165147
HybridEdMldsa44,append_realtime,50,139288
HybridEdMldsa44,append_realtime,51,160328
HybridEdMldsa44,append_realtime,52,122865
HybridEdMldsa44,append_realtime,53,124557
HybridEdMldsa44,append_realtime,54,147015
HybridEdMldsa44,append_realtime,55,123300
HybridEdMldsa44,append_realtime,56,123800
HybridEdMldsa44,append_realtime,57,264685
HybridEdMldsa44,append_realtime,58,156108
HybridEdMldsa44,append_realtime,59,124660
HybridEdMldsa44,append_realtime,60,206426
HybridEdMldsa44,append_realtime,61,150528
HybridEdMldsa44,append_realtime,62,155454
HybridEdMldsa44,append_realtime,63,172470
HybridEdMldsa44,append_realtime,64,157980
HybridEdMldsa44,append_realtime,65,130598
HybridEdMldsa44,append_realtime,66,122690
HybridEdMldsa44,append_realtime,67,150490
HybridEdMldsa44,append_realtime,68,135886
HybridEdMldsa44,append_realtime,69,141519
HybridEdMldsa44,append_realtime,70,140456
HybridEdMldsa44,append_realtime,71,286605
HybridEdMldsa44,append_realtime,72,193226
HybridEdMldsa44,append_realtime,73,143790
HybridEdMldsa44,append_realtime,74,123752
HybridEdMldsa44,append_realtime,75,133535
HybridEdMldsa44,append_realtime,76,142987
HybridEdMldsa44,append_realtime,77,123827
HybridEdMldsa44,append_realtime,78,139791
HybridEdMldsa44,append_realtime,79,147858
HybridEdMldsa44,append_realtime,80,256638
HybridEdMldsa44,append_realtime,81,147776
HybridEdMldsa44,append_realtime,82,167855
HybridEdMldsa44,append_realtime,83,168428
HybridEdMldsa44,append_realtime,84,166795
HybridEdMldsa44,append_realtime,85,131333
HybridEdMldsa44,append_realtime,86,155943
HybridEdMldsa44,append_realtime,87,124422
HybridEdMldsa44,append_realtime,88,166457
HybridEdMldsa44,append_realtime,89,146155
HybridEdMldsa44,append_realtime,90,124005
HybridEdMldsa44,append_realtime,91,162003
HybridEdMldsa44,append_realtime,92,123785
HybridEdMldsa44,append_realtime,93,133750
HybridEdMldsa44,append_realtime,94,153546
HybridEdMldsa44,append_realtime,95,123966
HybridEdMldsa44,append_realtime,96,197358
HybridEdMldsa44,append_realtime,97,143166
HybridEdMldsa44,append_realtime,98,230121
HybridEdMldsa44,append_realtime,99,292055
HybridEdMldsa44,append_realtime,100,142115
HybridEdMldsa44,append_sign,0,94735
HybridEdMldsa44,append_sign,1,122507
HybridEdMldsa44,append_sign,2,95968
HybridEdMldsa44,append_sign,3,118072
HybridEdMldsa44,append_sign,4,123249
HybridEdMldsa44,append_sign,5,94225
HybridEdMldsa44,append_sign,6,103954
HybridEdMldsa44,append_sign,7,141304
HybridEdMldsa44,append_sign,8,120594
HybridEdMldsa44,append_sign,9,186321
HybridEdMldsa44,append_sign,10,106860
HybridEdMldsa44,append_sign,11,99536
HybridEdMldsa44,append_sign,12,127125
HybridEdMldsa44,append_sign,13,95336
HybridEdMldsa44,append_sign,14,94265
HybridEdMldsa44,append_sign,15,177790
HybridEdMldsa44,append_sign,16,102544
HybridEdMldsa44,append_sign,17,94158
HybridEdMldsa44,append_sign,18,128331
HybridEdMldsa44,append_sign,19,156048
HybridEdMldsa44,append_sign,20,102975
HybridEdMldsa44,append_sign,21,93900
HybridEdMldsa44,append_sign,22,111106
HybridEdMldsa44,append_sign,23,105510
HybridEdMldsa44,append_sign,24,134423
HybridEdMldsa44,append_sign,25,93919
HybridEdMldsa44,append_sign,26,111220
HybridEdMldsa44,append_sign,27,109732
HybridEdMldsa44,append_sign,28,137960
HybridEdMldsa44,append_sign,29,164453
HybridEdMldsa44,append_sign,30,152425
HybridEdMldsa44,append_sign,31,117690
HybridEdMldsa44,append_sign,32,96953
HybridEdMldsa44,append_sign,33,122961
HybridEdMldsa44,append_sign,34,93919
HybridEdMldsa44,append_sign,35,190829
HybridEdMldsa44,append_sign,36,127643
HybridEdMldsa44,append_sign,37,202062
HybridEdMldsa44,append_sign,38,120192
HybridEdMldsa44,append_sign,39,95788
HybridEdMldsa44,append_sign,40,115278
HybridEdMldsa44,append_sign,41,157960
HybridEdMldsa44,append_sign,42,152566
HybridEdMldsa44,append_sign,43,127917
HybridEdMldsa44,append_sign,44,110951
HybridEdMldsa44,append_sign,45,94212
HybridEdMldsa44,append_sign,46,137506
HybridEdMldsa44,append_sign,47,102943
HybridEdMldsa44,append_sign,48,138139
HybridEdMldsa44,append_sign,49,162548
HybridEdMldsa44,append_sign,50,94533
HybridEdMldsa44,append_sign,51,103304
HybridEdMldsa44,append_sign,52,103811
HybridEdMldsa44,append_sign,53,94787
HybridEdMldsa44,append_sign,54,168635
HybridEdMldsa44,append_sign,55,130790
HybridEdMldsa44,append_sign,56,103985
HybridEdMldsa44,append_sign,57,136576
HybridEdMldsa44,append_sign,58,167987
HybridEdMldsa44,append_sign,59,147040
HybridEdMldsa44,append_sign,60,112994
HybridEdMldsa44,append_sign,61,147729
HybridEdMldsa44,append_sign,62,127250
HybridEdMldsa44,append_sign,63,94165
HybridEdMldsa44,append_sign,64,143594
HybridEdMldsa44,append_sign,65,261368
HybridEdMldsa44,append_sign,66,173744
HybridEdMldsa44,append_sign,67,171848
HybridEdMldsa44,append_sign,68,94441
HybridEdMldsa44,append_sign,69,241462
HybridEdMldsa44,append_sign,70,112752
HybridEdMldsa44,append_sign,71,121858
HybridEdMldsa44,append_sign,72,110495
HybridEdMldsa44,append_sign,73,120424
HybridEdMldsa44,append_sign,74,101343
HybridEdMldsa44,append_sign,75,118497
HybridEdMldsa44,append_sign,76,120440
HybridEdMldsa44,append_sign,77,93594
HybridEdMldsa44,append_sign,78,94623
HybridEdMldsa44,append_sign,79,103958
HybridEdMldsa44,append_sign,80,162884
HybridEdMldsa44,append_sign,81,102491
HybridEdMldsa44,append_sign,82,111324
HybridEdMldsa44,append_sign,83,184273
HybridEdMldsa44,append_sign,84,101429
HybridEdMldsa44,append_sign,85,151560
HybridEdMldsa44,append_sign,86,95265
HybridEdMldsa44,append_sign,87,95558
HybridEdMldsa44,append_sign,88,118642
HybridEdMldsa44,append_sign,89,122657
HybridEdMldsa44,append_sign,90,142933
HybridEdMldsa44,append_sign,91,146824
HybridEdMldsa44,append_sign,92,94742
HybridEdMldsa44,append_sign,93,103469
HybridEdMldsa44,append_sign,94,103906
HybridEdMldsa44,append_sign,95,154740
HybridEdMldsa44,append_sign,96,154277
HybridEdMldsa44,append_sign,97,102349
HybridEdMldsa44,append_sign,98,105000
HybridEdMldsa44,append_sign,99,97088
HybridEdMldsa44,append_sign,100,157616
HybridEdFndsa512,keygen,0,4074045
HybridEdFndsa512,keygen,1,3653729
HybridEdFndsa512,keygen,2,3845116
HybridEdFndsa512,keygen,3,3357990
HybridEdFndsa512,keygen,4,3463417
HybridEdFndsa512,keygen,5,6122498
HybridEdFndsa512,keygen,6,4993893
HybridEdFndsa512,keygen,7,4787720
HybridEdFndsa512,keygen,8,6558454
HybridEdFndsa512,keygen,9,5614101
HybridEdFndsa512,keygen,10,7646013
HybridEdFndsa512,keygen,11,6071492
HybridEdFndsa512,keygen,12,4336376
HybridEdFndsa512,keygen,13,5407891
HybridEdFndsa512,keygen,14,3938801
HybridEdFndsa512,keygen,15,4329276
HybridEdFndsa512,keygen,16,3681100
HybridEdFndsa512,keygen,17,3374849
HybridEdFndsa512,keygen,18,3919080
HybridEdFndsa512,keygen,19,5176876
HybridEdFndsa512,keygen,20,5847293
HybridEdFndsa512,keygen,21,4809080
HybridEdFndsa512,keygen,22,3796185
HybridEdFndsa512,keygen,23,4554064
HybridEdFndsa512,keygen,24,5827051
HybridEdFndsa512,keygen,25,3960178
HybridEdFndsa512,keygen,26,3517023
HybridEdFndsa512,keygen,27,5945894
HybridEdFndsa512,keygen,28,3733355
HybridEdFndsa512,keygen,29,5161567
HybridEdFndsa512,keygen,30,4168268
HybridEdFndsa512,keygen,31,4261125
HybridEdFndsa512,keygen,32,3871823
HybridEdFndsa512,keygen,33,5338532
HybridEdFndsa512,keygen,34,10889725
HybridEdFndsa512,keygen,35,6738420
HybridEdFndsa512,keygen,36,4631245
HybridEdFndsa512,keygen,37,6610518
HybridEdFndsa512,keygen,38,3577359
HybridEdFndsa512,keygen,39,6239646
HybridEdFndsa512,keygen,40,4150271
HybridEdFndsa512,keygen,41,4850481
HybridEdFndsa512,keygen,42,4988325
HybridEdFndsa512,keygen,43,4422332
HybridEdFndsa512,keygen,44,3696561
HybridEdFndsa512,keygen,45,4636891
HybridEdFndsa512,keygen,46,4142584
HybridEdFndsa512,keygen,47,4263278
HybridEdFndsa512,keygen,48,4463759
HybridEdFndsa512,keygen,49,5539974
HybridEdFndsa512,keygen,50,3854016
HybridEdFndsa512,keygen,51,6421375
HybridEdFndsa512,keygen,52,3235187
HybridEdFndsa512,keygen,53,3471955
HybridEdFndsa512,keygen,54,3487497
HybridEdFndsa512,keygen,55,3871605
HybridEdFndsa512,keygen,56,4831981
HybridEdFndsa512,keygen,57,3376398
HybridEdFndsa512,keygen,58,5998559
HybridEdFndsa512,keygen,59,3959957
HybridEdFndsa512,keygen,60,5552212
HybridEdFndsa512,keygen,61,4472168
HybridEdFndsa512,keygen,62,4239761
HybridEdFndsa512,keygen,63,3731614
HybridEdFndsa512,keygen,64,5919893
HybridEdFndsa512,keygen,65,3524551
HybridEdFndsa512,keygen,66,7620815
HybridEdFndsa512,keygen,67,5497212
HybridEdFndsa512,keygen,68,6431009
HybridEdFndsa512,keygen,69,7489361
HybridEdFndsa512,keygen,70,3917083
HybridEdFndsa512,keygen,71,3768507
HybridEdFndsa512,keygen,72,3696522
HybridEdFndsa512,keygen,73,13280503
HybridEdFndsa512,keygen,74,4173930
HybridEdFndsa512,keygen,75,3361946
HybridEdFndsa512,keygen,76,3353000
HybridEdFndsa512,keygen,77,5104339
HybridEdFndsa512,keygen,78,4732379
HybridEdFndsa512,keygen,79,4396836
HybridEdFndsa512,keygen,80,5787939
HybridEdFndsa512,keygen,81,3440461
HybridEdFndsa512,keygen,82,5181747
HybridEdFndsa512,keygen,83,6933887
HybridEdFndsa512,keygen,84,3885637
HybridEdFndsa512,keygen,85,3650440
HybridEdFndsa512,keygen,86,4153186
HybridEdFndsa512,keygen,87,4024826
HybridEdFndsa512,keygen,88,3552853
HybridEdFndsa512,keygen,89,3452384
HybridEdFndsa512,keygen,90,4312267
HybridEdFndsa512,keygen,91,3506518
HybridEdFndsa512,keygen,92,3878989
HybridEdFndsa512,keygen,93,5458942
HybridEdFndsa512,keygen,94,3542484
HybridEdFndsa512,keygen,95,3789828
HybridEdFndsa512,keygen,96,4062561
HybridEdFndsa512,keygen,97,3785678
HybridEdFndsa512,keygen,98,6700754
HybridEdFndsa512,keygen,99,6123256
HybridEdFndsa512,keygen,100,3767912
HybridEdFndsa512,append_realtime,0,3709395
HybridEdFndsa512,append_realtime,1,3845833
HybridEdFndsa512,append_realtime,2,4352188
HybridEdFndsa512,append_realtime,3,7252071
HybridEdFndsa512,append_realtime,4,4779754
HybridEdFndsa512,append_realtime,5,4763232
HybridEdFndsa512,append_realtime,6,4719488
HybridEdFndsa512,append_realtime,7,6074837
HybridEdFndsa512,append_realtime,8,3725869
HybridEdFndsa512,append_realtime,9,5239203
HybridEdFndsa512,append_realtime,10,3652106
HybridEdFndsa512,append_realtime,11,3733438
HybridEdFndsa512,append_realtime,12,3853835
HybridEdFndsa512,append_realtime,13,3885462
HybridEdFndsa512,append_realtime,14,3786744
HybridEdFndsa512,append_realtime,15,4388138
HybridEdFndsa512,append_realtime,16,3878655
HybridEdFndsa512,append_realtime,17,5337228
HybridEdFndsa512,append_realtime,18,5710311
HybridEdFndsa512,append_realtime,19,4574022
HybridEdFndsa512,append_realtime,20,8041409
HybridEdFndsa512,append_realtime,21,6326110
HybridEdFndsa512,append_realtime,22,3984809
HybridEdFndsa512,append_realtime,23,4381651
HybridEdFndsa512,append_realtime,24,3910187
HybridEdFndsa512,append_realtime,25,3995266
HybridEdFndsa512,append_realtime,26,6127041
HybridEdFndsa512,append_realtime,27,4275398
HybridEdFndsa512,append_realtime,28,6730523
HybridEdFndsa512,append_realtime,29,3713025
HybridEdFndsa512,append_realtime,30,4283276
HybridEdFndsa512,append_realtime,31,8265155
HybridEdFndsa512,append_realtime,32,7115228
HybridEdFndsa512,append_realtime,33,4824678
HybridEdFndsa512,append_realtime,34,8668282
HybridEdFndsa512,append_realtime,35,4014281
HybridEdFndsa512,append_realtime,36,4004296
HybridEdFndsa512,append_realtime,37,4335714
HybridEdFndsa512,append_realtime,38,5373535
HybridEdFndsa512,append_realtime,39,4114467
HybridEdFndsa512,append_realtime,40,3930287
HybridEdFndsa512,append_realtime,41,4732056
HybridEdFndsa512,append_realtime,42,9444325
HybridEdFndsa512,append_realtime,43,3662253
HybridEdFndsa512,append_realtime,44,5569094
HybridEdFndsa512,append_realtime,45,5345417
HybridEdFndsa512,append_realtime,46,4765831
HybridEdFndsa512,append_realtime,47,7485353
HybridEdFndsa512,append_realtime,48,3983016
HybridEdFndsa512,append_realtime,49,3793578
HybridEdFndsa512,append_realtime,50,4410730
HybridEdFndsa512,append_realtime,51,6994057
HybridEdFndsa512,append_realtime,52,7023909
HybridEdFndsa512,append_realtime,53,5256732
HybridEdFndsa512,append_realtime,54,5439997
HybridEdFndsa512,append_realtime,55,4848562
HybridEdFndsa512,append_realtime,56,4108274
HybridEdFndsa512,append_realtime,57,5547644
HybridEdFndsa512,append_realtime,58,4996583
HybridEdFndsa512,append_realtime,59,6879236
HybridEdFndsa512,append_realtime,60,5053206
HybridEdFndsa512,append_realtime,61,4293215
HybridEdFndsa512,append_realtime,62,7048381
HybridEdFndsa512,append_realtime,63,4525845
HybridEdFndsa512,append_realtime,64,5377204
HybridEdFndsa512,append_realtime,65,3797107
HybridEdFndsa512,append_realtime,66,8347627
HybridEdFndsa512,append_realtime,67,3646869
HybridEdFndsa512,append_realtime,68,5216666
HybridEdFndsa512,append_realtime,69,4722138
HybridEdFndsa512,append_realtime,70,3720771
HybridEdFndsa512,append_realtime,71,6322046
HybridEdFndsa512,append_realtime,72,6857429
HybridEdFndsa512,append_realtime,73,6908899
HybridEdFndsa512,append_realtime,74,5373486
HybridEdFndsa512,append_realtime,75,4556161
HybridEdFndsa512,append_realtime,76,6112263
HybridEdFndsa512,append_realtime,77,11652445
HybridEdFndsa512,append_realtime,78,5005711
HybridEdFndsa512,append_realtime,79,7672433
HybridEdFndsa512,append_realtime,80,5652788
HybridEdFndsa512,append_realtime,81,7048693
HybridEdFndsa512,append_realtime,82,3790154
HybridEdFndsa512,append_realtime,83,5072392
HybridEdFndsa512,append_realtime,84,4823243
HybridEdFndsa512,append_realtime,85,4412007
HybridEdFndsa512,append_realtime,86,5525071
HybridEdFndsa512,append_realtime,87,8515220
HybridEdFndsa512,append_realtime,88,4050549
HybridEdFndsa512,append_realtime,89,5616532
HybridEdFndsa512,append_realtime,90,4723851
HybridEdFndsa512,append_realtime,91,4457666
HybridEdFndsa512,append_realtime,92,3683129
HybridEdFndsa512,append_realtime,93,4440198
HybridEdFndsa512,append_realtime,94,5794299
HybridEdFndsa512,append_realtime,95,9376643
HybridEdFndsa512,append_realtime,96,5583579
HybridEdFndsa512,append_realtime,97,4022361
HybridEdFndsa512,append_realtime,98,4124980
HybridEdFndsa512,append_realtime,99,4035038
HybridEdFndsa512,append_realtime,100,4852444
HybridEdFndsa512,append_sign,0,205275
HybridEdFndsa512,append_sign,1,204349
HybridEdFndsa512,append_sign,2,217008
HybridEdFndsa512,append_sign,3,208638
HybridEdFndsa512,append_sign,4,209630
HybridEdFndsa512,append_sign,5,212371
HybridEdFndsa512,append_sign,6,206870
HybridEdFndsa512,append_sign,7,204209
HybridEdFndsa512,append_sign,8,207706
HybridEdFndsa512,append_sign,9,203486
HybridEdFndsa512,append_sign,10,203067
HybridEdFndsa512,append_sign,11,258433
HybridEdFndsa512,append_sign,12,208593
HybridEdFndsa512,append_sign,13,204452
HybridEdFndsa512,append_sign,14,208760
HybridEdFndsa512,append_sign,15,203453
HybridEdFndsa512,append_sign,16,206875
HybridEdFndsa512,append_sign,17,205857
HybridEdFndsa512,append_sign,18,204554
HybridEdFndsa512,append_sign,19,206523
HybridEdFndsa512,append_sign,20,216860
HybridEdFndsa512,append_sign,21,206360
HybridEdFndsa512,append_sign,22,202228
HybridEdFndsa512,append_sign,23,210032
HybridEdFndsa512,append_sign,24,204359
HybridEdFndsa512,append_sign,25,203791
HybridEdFndsa512,append_sign,26,206035
HybridEdFndsa512,append_sign,27,204239
HybridEdFndsa512,append_sign,28,205870
HybridEdFndsa512,append_sign,29,218414
HybridEdFndsa512,append_sign,30,207589
HybridEdFndsa512,append_sign,31,207866
HybridEdFndsa512,append_sign,32,206766
HybridEdFndsa512,append_sign,33,205336
HybridEdFndsa512,append_sign,34,209259
HybridEdFndsa512,append_sign,35,206314
HybridEdFndsa512,append_sign,36,221103
HybridEdFndsa512,append_sign,37,206133
HybridEdFndsa512,append_sign,38,203608
HybridEdFndsa512,append_sign,39,211866
HybridEdFndsa512,append_sign,40,208291
HybridEdFndsa512,append_sign,41,204638
HybridEdFndsa512,append_sign,42,212748
HybridEdFndsa512,append_sign,43,207093
HybridEdFndsa512,append_sign,44,200281
HybridEdFndsa512,append_sign,45,204177
HybridEdFndsa512,append_sign,46,204655
HybridEdFndsa512,append_sign,47,201713
HybridEdFndsa512,append_sign,48,204072
HybridEdFndsa512,append_sign,49,212973
HybridEdFndsa512,append_sign,50,206419
HybridEdFndsa512,append_sign,51,204326
HybridEdFndsa512,append_sign,52,204502
HybridEdFndsa512,append_sign,53,214103
HybridEdFndsa512,append_sign,54,205560
HybridEdFndsa512,append_sign,55,203859
HybridEdFndsa512,append_sign,56,203647
HybridEdFndsa512,append_sign,57,207002
HybridEdFndsa512,append_sign,58,212963
HybridEdFndsa512,append_sign,59,205705
HybridEdFndsa512,append_sign,60,204073
HybridEdFndsa512,append_sign,61,212312
HybridEdFndsa512,append_sign,62,205362
HybridEdFndsa512,append_sign,63,205550
HybridEdFndsa512,append_sign,64,221183
HybridEdFndsa512,append_sign,65,203350
HybridEdFndsa512,append_sign,66,203188
HybridEdFndsa512,append_sign,67,201827
HybridEdFndsa512,append_sign,68,213502
HybridEdFndsa512,append_sign,69,207980
HybridEdFndsa512,append_sign,70,202356
HybridEdFndsa512,append_sign,71,202544
HybridEdFndsa512,append_sign,72,205230
HybridEdFndsa512,append_sign,73,201772
HybridEdFndsa512,append_sign,74,205153
HybridEdFndsa512,append_sign,75,200969
HybridEdFndsa512,append_sign,76,206114
HybridEdFndsa512,append_sign,77,207468
HybridEdFndsa512,append_sign,78,216969
HybridEdFndsa512,append_sign,79,207164
HybridEdFndsa512,append_sign,80,209116
HybridEdFndsa512,append_sign,81,210701
HybridEdFndsa512,append_sign,82,202330
HybridEdFndsa512,append_sign,83,205881
HybridEdFndsa512,append_sign,84,211255
HybridEdFndsa512,append_sign,85,211031
HybridEdFndsa512,append_sign,86,201281
HybridEdFndsa512,append_sign,87,212402
HybridEdFndsa512,append_sign,88,207027
HybridEdFndsa512,append_sign,89,204487
HybridEdFndsa512,append_sign,90,202842
HybridEdFndsa512,append_sign,91,205805
HybridEdFndsa512,append_sign,92,202267
HybridEdFndsa512,append_sign,93,207772
HybridEdFndsa512,append_sign,94,200941
HybridEdFndsa512,append_sign,95,205013
HybridEdFndsa512,append_sign,96,215236
HybridEdFndsa512,append_sign,97,204887
HybridEdFndsa512,append_sign,98,203397
HybridEdFndsa512,append_sign,99,203874
HybridEdFndsa512,append_sign,100,209821
Slhdsa128s,keygen,0,15277657
Slhdsa128s,keygen,1,15582605
Slhdsa128s,keygen,2,15569011
Slhdsa128s,keygen,3,15783759
Slhdsa128s,keygen,4,15583244
Slhdsa128s,keygen,5,15524069
Slhdsa128s,keygen,6,15718146
Slhdsa128s,keygen,7,15833014
Slhdsa128s,keygen,8,15447968
Slhdsa128s,keygen,9,15785862
Slhdsa128s,keygen,10,15421842
Slhdsa128s,keygen,11,15473623
Slhdsa128s,keygen,12,15666631
Slhdsa128s,keygen,13,15939949
Slhdsa128s,keygen,14,15524003
Slhdsa128s,keygen,15,15744155
Slhdsa128s,keygen,16,15973740
Slhdsa128s,keygen,17,16449279
Slhdsa128s,keygen,18,16497021
Slhdsa128s,keygen,19,16453661
Slhdsa128s,keygen,20,16254617
Slhdsa128s,append_realtime,0,136221781
Slhdsa128s,append_realtime,1,137312579
Slhdsa128s,append_realtime,2,135059974
Slhdsa128s,append_realtime,3,137791223
Slhdsa128s,append_realtime,4,137752836
Slhdsa128s,append_realtime,5,140748920
Slhdsa128s,append_realtime,6,142177787
Slhdsa128s,append_realtime,7,137057546
Slhdsa128s,append_realtime,8,140140190
Slhdsa128s,append_realtime,9,137016765
Slhdsa128s,append_realtime,10,136560282
Slhdsa128s,append_realtime,11,136633472
Slhdsa128s,append_realtime,12,136846785
Slhdsa128s,append_realtime,13,141598830
Slhdsa128s,append_realtime,14,137091890
Slhdsa128s,append_realtime,15,135311393
Slhdsa128s,append_realtime,16,137793230
Slhdsa128s,append_realtime,17,133809396
Slhdsa128s,append_realtime,18,136943289
Slhdsa128s,append_realtime,19,136830632
Slhdsa128s,append_realtime,20,134213121
Slhdsa128s,append_sign,0,118384870
Slhdsa128s,append_sign,1,116474660
Slhdsa128s,append_sign,2,119006509
Slhdsa128s,append_sign,3,122709358
Slhdsa128s,append_sign,4,121392179
Slhdsa128s,append_sign,5,122261866
Slhdsa128s,append_sign,6,121098292
Slhdsa128s,append_sign,7,121188980
Slhdsa128s,append_sign,8,119308377
Slhdsa128s,append_sign,9,127687373
Slhdsa128s,append_sign,10,118914170
Slhdsa128s,append_sign,11,129634839
Slhdsa128s,append_sign,12,117517912
Slhdsa128s,append_sign,13,129036381
Slhdsa128s,append_sign,14,119115567
Slhdsa128s,append_sign,15,116034891
Slhdsa128s,append_sign,16,117005042
Slhdsa128s,append_sign,17,120514032
Slhdsa128s,append_sign,18,114728594
Slhdsa128s,append_sign,19,115751404
Slhdsa128s,append_sign,20,113010177
Slhdsa128f,keygen,0,246844
Slhdsa128f,keygen,1,235414
Slhdsa128f,keygen,2,234590
Slhdsa128f,keygen,3,347590
Slhdsa128f,keygen,4,240484
Slhdsa128f,keygen,5,234983
Slhdsa128f,keygen,6,246308
Slhdsa128f,keygen,7,245831
Slhdsa128f,keygen,8,237630
Slhdsa128f,keygen,9,235191
Slhdsa128f,keygen,10,233888
Slhdsa128f,keygen,11,234364
Slhdsa128f,keygen,12,233965
Slhdsa128f,keygen,13,234512
Slhdsa128f,keygen,14,247860
Slhdsa128f,keygen,15,248218
Slhdsa128f,keygen,16,242203
Slhdsa128f,keygen,17,236203
Slhdsa128f,keygen,18,234390
Slhdsa128f,keygen,19,234465
Slhdsa128f,keygen,20,234448
Slhdsa128f,append_realtime,0,5779621
Slhdsa128f,append_realtime,1,6183720
Slhdsa128f,append_realtime,2,5891369
Slhdsa128f,append_realtime,3,5879856
Slhdsa128f,append_realtime,4,6606411
Slhdsa128f,append_realtime,5,6450564
Slhdsa128f,append_realtime,6,6683115
Slhdsa128f,append_realtime,7,6532073
Slhdsa128f,append_realtime,8,6428167
Slhdsa128f,append_realtime,9,6628535
Slhdsa128f,append_realtime,10,6491672
Slhdsa128f,append_realtime,11,6561845
Slhdsa128f,append_realtime,12,6541580
Slhdsa128f,append_realtime,13,6521858
Slhdsa128f,append_realtime,14,6539455
Slhdsa128f,append_realtime,15,6523901
Slhdsa128f,append_realtime,16,6536452
Slhdsa128f,append_realtime,17,6533961
Slhdsa128f,append_realtime,18,6570747
Slhdsa128f,append_realtime,19,6580271
Slhdsa128f,append_realtime,20,6546651
Slhdsa128f,append_sign,0,6315851
Slhdsa128f,append_sign,1,6273613
Slhdsa128f,append_sign,2,6305380
Slhdsa128f,append_sign,3,6323689
Slhdsa128f,append_sign,4,6250475
Slhdsa128f,append_sign,5,6260742
Slhdsa128f,append_sign,6,6288538
Slhdsa128f,append_sign,7,6253606
Slhdsa128f,append_sign,8,6289910
Slhdsa128f,append_sign,9,6265144
Slhdsa128f,append_sign,10,6261677
Slhdsa128f,append_sign,11,6277140
Slhdsa128f,append_sign,12,6278897
Slhdsa128f,append_sign,13,6319274
Slhdsa128f,append_sign,14,6593085
Slhdsa128f,append_sign,15,6286320
Slhdsa128f,append_sign,16,6610172
Slhdsa128f,append_sign,17,6302190
Slhdsa128f,append_sign,18,6256065
Slhdsa128f,append_sign,19,6436500
Slhdsa128f,append_sign,20,6238706
Slhdsa256s,keygen,0,14763411
Slhdsa256s,keygen,1,15014250
Slhdsa256s,keygen,2,14957121
Slhdsa256s,keygen,3,14918584
Slhdsa256s,keygen,4,14898207
Slhdsa256s,keygen,5,14870924
Slhdsa256s,keygen,6,15142096
Slhdsa256s,keygen,7,15101689
Slhdsa256s,keygen,8,15636049
Slhdsa256s,keygen,9,15194196
Slhdsa256s,keygen,10,15134757
Slhdsa256s,keygen,11,15055666
Slhdsa256s,keygen,12,15163070
Slhdsa256s,keygen,13,15122673
Slhdsa256s,keygen,14,16427250
Slhdsa256s,keygen,15,15094253
Slhdsa256s,keygen,16,15289522
Slhdsa256s,keygen,17,15268042
Slhdsa256s,keygen,18,15223300
Slhdsa256s,keygen,19,15476040
Slhdsa256s,keygen,20,15585979
Slhdsa256s,append_realtime,0,210227375
Slhdsa256s,append_realtime,1,212435266
Slhdsa256s,append_realtime,2,215213262
Slhdsa256s,append_realtime,3,210478411
Slhdsa256s,append_realtime,4,211443448
Slhdsa256s,append_realtime,5,209972050
Slhdsa256s,append_realtime,6,210586218
Slhdsa256s,append_realtime,7,212922107
Slhdsa256s,append_realtime,8,209920065
Slhdsa256s,append_realtime,9,211483063
Slhdsa256s,append_realtime,10,209673703
Slhdsa256s,append_realtime,11,213669301
Slhdsa256s,append_realtime,12,213417207
Slhdsa256s,append_realtime,13,210062178
Slhdsa256s,append_realtime,14,210377505
Slhdsa256s,append_realtime,15,210472679
Slhdsa256s,append_realtime,16,210670363
Slhdsa256s,append_realtime,17,211504176
Slhdsa256s,append_realtime,18,211757922
Slhdsa256s,append_realtime,19,210056202
Slhdsa256s,append_realtime,20,211434642
Slhdsa256s,append_sign,0,198325661
Slhdsa256s,append_sign,1,199674001
Slhdsa256s,append_sign,2,195894580
Slhdsa256s,append_sign,3,198104067
Slhdsa256s,append_sign,4,195592536
Slhdsa256s,append_sign,5,199786232
Slhdsa256s,append_sign,6,195912348
Slhdsa256s,append_sign,7,194711388
Slhdsa256s,append_sign,8,196106146
Slhdsa256s,append_sign,9,197322955
Slhdsa256s,append_sign,10,197711804
Slhdsa256s,append_sign,11,195646479
Slhdsa256s,append_sign,12,195974058
Slhdsa256s,append_sign,13,195492773
Slhdsa256s,append_sign,14,193517904
Slhdsa256s,append_sign,15,196234188
Slhdsa256s,append_sign,16,198099621
Slhdsa256s,append_sign,17,198771927
Slhdsa256s,append_sign,18,196956606
Slhdsa256s,append_sign,19,207057388
Slhdsa256s,append_sign,20,194514487
Slhdsa256f,keygen,0,915169
Slhdsa256f,keygen,1,918331
Slhdsa256f,keygen,2,904548
Slhdsa256f,keygen,3,899427
Slhdsa256f,keygen,4,919113
Slhdsa256f,keygen,5,906810
Slhdsa256f,keygen,6,906370
Slhdsa256f,keygen,7,938852
Slhdsa256f,keygen,8,910854
Slhdsa256f,keygen,9,895047
Slhdsa256f,keygen,10,914601
Slhdsa256f,keygen,11,909703
Slhdsa256f,keygen,12,912591
Slhdsa256f,keygen,13,907767
Slhdsa256f,keygen,14,915693
Slhdsa256f,keygen,15,908054
Slhdsa256f,keygen,16,953619
Slhdsa256f,keygen,17,923396
Slhdsa256f,keygen,18,931429
Slhdsa256f,keygen,19,918754
Slhdsa256f,keygen,20,928575
Slhdsa256f,append_realtime,0,21351134
Slhdsa256f,append_realtime,1,20797035
Slhdsa256f,append_realtime,2,22688916
Slhdsa256f,append_realtime,3,23025061
Slhdsa256f,append_realtime,4,22966009
Slhdsa256f,append_realtime,5,22802316
Slhdsa256f,append_realtime,6,20746311
Slhdsa256f,append_realtime,7,20496279
Slhdsa256f,append_realtime,8,20302709
Slhdsa256f,append_realtime,9,20433423
Slhdsa256f,append_realtime,10,20380712
Slhdsa256f,append_realtime,11,20854847
Slhdsa256f,append_realtime,12,20901343
Slhdsa256f,append_realtime,13,20741334
Slhdsa256f,append_realtime,14,21091649
Slhdsa256f,append_realtime,15,20875579
Slhdsa256f,append_realtime,16,20539436
Slhdsa256f,append_realtime,17,21343485
Slhdsa256f,append_realtime,18,21059660
Slhdsa256f,append_realtime,19,20669807
Slhdsa256f,append_realtime,20,20577887
Slhdsa256f,append_sign,0,19965950
Slhdsa256f,append_sign,1,20169245
Slhdsa256f,append_sign,2,20702254
Slhdsa256f,append_sign,3,21785472
Slhdsa256f,append_sign,4,21323708
Slhdsa256f,append_sign,5,21267299
Slhdsa256f,append_sign,6,21737550
Slhdsa256f,append_sign,7,21586769
Slhdsa256f,append_sign,8,21628617
Slhdsa256f,append_sign,9,21773600
Slhdsa256f,append_sign,10,21331825
Slhdsa256f,append_sign,11,21142882
Slhdsa256f,append_sign,12,21126982
Slhdsa256f,append_sign,13,21052076
Slhdsa256f,append_sign,14,21745652
Slhdsa256f,append_sign,15,22494328
Slhdsa256f,append_sign,16,22097750
Slhdsa256f,append_sign,17,21574341
Slhdsa256f,append_sign,18,21275222
Slhdsa256f,append_sign,19,21065050
Slhdsa256f,append_sign,20,21155639
