profile,family,n,rtt_ms,conc,rep,duration_s,completed,failed,rps,p50_ns,p95_ns,p99_ns,verify_mean_ns
ed25519,classic,1,0,1,1,15,91858,0,6123.87,151466,221939,284623,122352
ed25519,classic,1,0,1,2,15,91940,0,6129.33,153454,227705,284037,123728
ed25519,classic,1,0,1,3,15,96829,0,6455.27,148035,184740,252772,117451
ed25519,classic,1,0,8,1,15,406948,0,27129.87,279493,440201,593190,152083
ed25519,classic,1,0,8,2,15,416172,0,27744.80,276918,430392,554025,150238
ed25519,classic,1,0,8,3,15,416344,0,27756.27,275410,428669,560844,148988
ed25519,classic,1,0,32,1,15,382465,0,25497.67,1190482,1983337,2938625,140654
ed25519,classic,1,0,32,2,15,379547,0,25303.13,1704651,2661939,4409860,147079
ed25519,classic,1,0,32,3,15,354072,0,23604.80,1489148,2612702,4147604,154648
ed25519,classic,1,1,1,1,15,10563,0,704.20,1377068,1642255,2162798,191173
ed25519,classic,1,1,1,2,15,10122,0,674.80,1498526,1645266,1788315,252356
ed25519,classic,1,1,1,3,15,10413,0,694.20,1467828,1637397,1860293,237495
ed25519,classic,1,1,8,1,15,89338,0,5955.87,1340689,1466212,1589731,143097
ed25519,classic,1,1,8,2,15,89401,0,5960.07,1339339,1468752,1658687,142333
ed25519,classic,1,1,8,3,15,89505,0,5967.00,1334726,1455612,1588106,139449
ed25519,classic,1,1,32,1,15,368632,0,24575.47,1264318,1526548,1754185,160667
ed25519,classic,1,1,32,2,15,360232,0,24015.47,1292050,1602543,1965045,167361
ed25519,classic,1,1,32,3,15,365144,0,24342.93,1286372,1582124,1853130,165914
ed25519,classic,1,20,1,1,15,691,0,46.07,21533057,23121678,24079507,616283
ed25519,classic,1,20,1,2,15,690,0,46.00,21567303,23277695,23755206,675596
ed25519,classic,1,20,1,3,15,686,0,45.73,21736311,23450713,23926266,751381
ed25519,classic,1,20,8,1,15,5504,0,366.93,21620572,23558312,24561897,764597
ed25519,classic,1,20,8,2,15,5558,0,370.53,21436313,23130597,24304737,615555
ed25519,classic,1,20,8,3,15,5504,0,366.93,21586388,23552789,24632344,735823
ed25519,classic,1,20,32,1,15,22848,0,1523.20,20836666,22639161,24239054,317709
ed25519,classic,1,20,32,2,15,22848,0,1523.20,20870120,22408111,24341866,307831
ed25519,classic,1,20,32,3,15,22816,0,1521.07,20882395,22589872,24546769,314019
ed25519,classic,20,0,1,1,15,16779,0,1118.60,879542,1024349,1194734,823738
ed25519,classic,20,0,1,2,15,16710,0,1114.00,883946,1025186,1203291,826397
ed25519,classic,20,0,1,3,15,17086,0,1139.07,863043,984535,1114812,805933
ed25519,classic,20,0,8,1,15,66304,0,4420.27,1735517,2630675,2983466,984853
ed25519,classic,20,0,8,2,15,65398,0,4359.87,1754600,2658149,3143673,986259
ed25519,classic,20,0,8,3,15,64749,0,4316.60,1774005,2730844,3452896,1007026
ed25519,classic,20,0,32,1,15,61097,0,4073.13,7085147,26607607,32582817,1431167
ed25519,classic,20,0,32,2,15,61366,0,4091.07,7636391,27553464,34144015,1501513
ed25519,classic,20,0,32,3,15,62597,0,4173.13,6947701,25877521,32404740,1449454
ed25519,classic,20,1,1,1,15,7057,0,470.47,2098693,2521942,2975366,867002
ed25519,classic,20,1,1,2,15,7141,0,476.07,2088608,2249074,2507516,841069
ed25519,classic,20,1,1,3,15,7048,0,469.87,2102109,2309470,2771024,858209
ed25519,classic,20,1,8,1,15,57789,0,3852.60,1997113,2763756,3007058,890193
ed25519,classic,20,1,8,2,15,57791,0,3852.73,1999754,2802916,3029166,895548
ed25519,classic,20,1,8,3,15,58332,0,3888.80,1983058,2754190,2958038,880088
ed25519,classic,20,1,32,1,15,61562,0,4104.13,6464911,21428761,30570398,2101395
ed25519,classic,20,1,32,2,15,61900,0,4126.67,6281080,23194594,32183661,2115555
ed25519,classic,20,1,32,3,15,61649,0,4109.93,6417026,21672983,30324142,2090275
ed25519,classic,20,20,1,1,15,602,0,40.13,25280469,27824865,29121098,3906802
ed25519,classic,20,20,1,2,15,611,0,40.73,24613259,27396364,28562594,3559902
ed25519,classic,20,20,1,3,15,610,0,40.67,24729061,27594935,28969190,3564598
ed25519,classic,20,20,8,1,15,5152,0,343.47,22969139,26691082,28494671,2390029
ed25519,classic,20,20,8,2,15,5204,0,346.93,22769853,26362481,27998968,2207785
ed25519,classic,20,20,8,3,15,5184,0,345.60,22923354,26188356,28044285,2279771
ed25519,classic,20,20,32,1,15,22653,0,1510.20,21084668,21948182,23035830,942461
ed25519,classic,20,20,32,2,15,22633,0,1508.87,21092174,22020860,22949304,951719
ed25519,classic,20,20,32,3,15,22648,0,1509.87,21084086,21968760,22909635,937287
mldsa44,uniform,1,0,1,1,15,69277,0,4618.47,201828,272779,508345,171779
mldsa44,uniform,1,0,1,2,15,69714,0,4647.60,203994,268693,381269,171698
mldsa44,uniform,1,0,1,3,15,71095,0,4739.67,200588,264194,351299,168816
mldsa44,uniform,1,0,8,1,15,300808,0,20053.87,381098,598603,880090,208827
mldsa44,uniform,1,0,8,2,15,299795,0,19986.33,380710,600451,888762,209359
mldsa44,uniform,1,0,8,3,15,299204,0,19946.93,383656,599042,852036,207946
mldsa44,uniform,1,0,32,1,15,281608,0,18773.87,1879958,3547796,5693016,202608
mldsa44,uniform,1,0,32,2,15,279916,0,18661.07,2163914,3780620,5983741,205316
mldsa44,uniform,1,0,32,3,15,279154,0,18610.27,2045757,3507462,5627023,206457
mldsa44,uniform,1,1,1,1,15,9703,0,646.87,1530686,1869461,2611442,337697
mldsa44,uniform,1,1,1,2,15,9765,0,651.00,1513686,1848101,2599883,328788
mldsa44,uniform,1,1,1,3,15,9683,0,645.53,1517291,1821080,2451646,328024
mldsa44,uniform,1,1,8,1,15,93308,0,6220.53,1273397,1359474,1487239,189871
mldsa44,uniform,1,1,8,2,15,93236,0,6215.73,1272701,1361660,1492028,189406
mldsa44,uniform,1,1,8,3,15,93186,0,6212.40,1273851,1364507,1549430,190614
mldsa44,uniform,1,1,32,1,15,296832,0,19788.80,1543943,2091497,2786770,197622
mldsa44,uniform,1,1,32,2,15,297917,0,19861.13,1546544,2111270,2860816,197900
mldsa44,uniform,1,1,32,3,15,295257,0,19683.80,1549753,2110896,2826899,197625
mldsa44,uniform,1,20,1,1,15,700,0,46.67,21207587,23188302,24234370,749806
mldsa44,uniform,1,20,1,2,15,700,0,46.67,21255327,22830577,23654412,754998
mldsa44,uniform,1,20,1,3,15,696,0,46.40,21307133,23371949,24080195,836770
mldsa44,uniform,1,20,8,1,15,5672,0,378.13,21023480,22364878,24029608,561176
mldsa44,uniform,1,20,8,2,15,5664,0,377.60,21045265,22586002,23959841,596291
mldsa44,uniform,1,20,8,3,15,5672,0,378.13,21054891,22322369,23742223,576937
mldsa44,uniform,1,20,32,1,15,23156,0,1543.73,20601147,21550984,23593917,290744
mldsa44,uniform,1,20,32,2,15,23083,0,1538.87,20722014,21612804,23651564,293011
mldsa44,uniform,1,20,32,3,15,23360,0,1557.33,20544809,20932276,21402166,212930
mldsa44,uniform,20,0,1,1,15,9391,0,626.07,1562666,1813842,2348379,1469339
mldsa44,uniform,20,0,1,2,15,9607,0,640.47,1524013,1707328,2247707,1429503
mldsa44,uniform,20,0,1,3,15,9802,0,653.47,1521188,1674007,1759277,1422539
mldsa44,uniform,20,0,8,1,15,37764,0,2517.60,3086488,4745302,6406978,1707980
mldsa44,uniform,20,0,8,2,15,37887,0,2525.80,3024232,4623558,6464327,1684388
mldsa44,uniform,20,0,8,3,15,36243,0,2416.20,3197834,4873970,6599205,1781581
mldsa44,uniform,20,0,32,1,15,36422,0,2428.13,7915935,43853274,51084995,2681555
mldsa44,uniform,20,0,32,2,15,33086,0,2205.73,8962353,41896191,49832706,3132659
mldsa44,uniform,20,0,32,3,15,35901,0,2393.40,8026258,40941048,48109809,2682251
mldsa44,uniform,20,1,1,1,15,5374,0,358.27,2669761,3444475,3832955,1485996
mldsa44,uniform,20,1,1,2,15,5470,0,364.67,2660196,3379220,3769833,1478271
mldsa44,uniform,20,1,1,3,15,5549,0,369.93,2686722,2865687,3095160,1460310
mldsa44,uniform,20,1,8,1,15,34652,0,2310.13,2802072,5299855,6067165,2000803
mldsa44,uniform,20,1,8,2,15,34506,0,2300.40,2801278,5347894,6025412,2030612
mldsa44,uniform,20,1,8,3,15,33942,0,2262.80,2818053,5376634,6131449,2033224
mldsa44,uniform,20,1,32,1,15,34589,0,2305.93,11220522,31242957,37227621,4000288
mldsa44,uniform,20,1,32,2,15,34633,0,2308.87,11315575,30131833,36186415,4003447
mldsa44,uniform,20,1,32,3,15,35278,0,2351.87,11053835,27454486,33613861,3579218
mldsa44,uniform,20,20,1,1,15,642,0,42.80,23060330,25885283,27221322,2740459
mldsa44,uniform,20,20,1,2,15,641,0,42.73,23044404,26042277,26974178,2721644
mldsa44,uniform,20,20,1,3,15,642,0,42.80,22866776,26192126,27559348,2727524
mldsa44,uniform,20,20,8,1,15,5298,0,353.20,22214465,25124733,27305265,2037339
mldsa44,uniform,20,20,8,2,15,5272,0,351.47,22406578,25199774,27463471,2085371
mldsa44,uniform,20,20,8,3,15,5242,0,349.47,22477465,25816279,28043617,2202476
mldsa44,uniform,20,20,32,1,15,22049,0,1469.93,21730129,21983667,23201906,1506291
mldsa44,uniform,20,20,32,2,15,22033,0,1468.87,21734231,22093377,23331789,1512367
mldsa44,uniform,20,20,32,3,15,21998,0,1466.53,21763626,22167187,23433636,1538818
mldsa87,uniform,1,0,1,1,15,33406,0,2227.07,435897,548723,616297,368828
mldsa87,uniform,1,0,1,2,15,33973,0,2264.87,428032,525140,592675,360488
mldsa87,uniform,1,0,1,3,15,33542,0,2236.13,436743,541313,617304,369248
mldsa87,uniform,1,0,8,1,15,148111,0,9874.07,780519,1196378,1519663,432255
mldsa87,uniform,1,0,8,2,15,146136,0,9742.40,784266,1225696,1715240,441228
mldsa87,uniform,1,0,8,3,15,134388,0,8959.20,849760,1331434,1831141,482392
mldsa87,uniform,1,0,32,1,15,134138,0,8942.53,4927737,10782446,14605436,472549
mldsa87,uniform,1,0,32,2,15,133700,0,8913.33,4067215,9400600,13169747,467885
mldsa87,uniform,1,0,32,3,15,134909,0,8993.93,5069449,11171948,15216632,472628
mldsa87,uniform,1,1,1,1,15,9078,0,605.20,1578816,2253026,2724791,411925
mldsa87,uniform,1,1,1,2,15,9353,0,623.53,1580997,1915134,2635659,409611
mldsa87,uniform,1,1,1,3,15,9399,0,626.60,1582031,1715277,1903265,400724
mldsa87,uniform,1,1,8,1,15,77946,0,5196.40,1521359,1630134,1890795,402240
mldsa87,uniform,1,1,8,2,15,78379,0,5225.27,1518448,1619905,1801717,395006
mldsa87,uniform,1,1,8,3,15,78508,0,5233.87,1521162,1623878,1806423,394242
mldsa87,uniform,1,1,32,1,15,141241,0,9416.07,3042038,6039316,8736932,620424
mldsa87,uniform,1,1,32,2,15,132056,0,8803.73,3298821,6818446,9923035,648218
mldsa87,uniform,1,1,32,3,15,131949,0,8796.60,3423575,7071844,10385284,644252
mldsa87,uniform,1,20,1,1,15,675,0,45.00,21945825,24582734,25911380,1456605
mldsa87,uniform,1,20,1,2,15,678,0,45.20,21812509,24588521,25313663,1426452
mldsa87,uniform,1,20,1,3,15,685,0,45.67,21605713,23922225,24945841,1200907
mldsa87,uniform,1,20,8,1,15,5520,0,368.00,21463255,24000140,26042408,1099914
mldsa87,uniform,1,20,8,2,15,5424,0,361.60,21788603,24854412,26607087,1339147
mldsa87,uniform,1,20,8,3,15,5560,0,370.67,21314655,23644713,25585940,1018368
mldsa87,uniform,1,20,32,1,15,23084,0,1538.93,20651429,21696935,23557861,489773
mldsa87,uniform,1,20,32,2,15,23132,0,1542.13,20657069,21286821,22612846,466582
mldsa87,uniform,1,20,32,3,15,23072,0,1538.13,20788861,21324294,21795373,454111
mldsa87,uniform,20,0,1,1,15,4738,0,315.87,3043272,3947675,4631171,2969889
mldsa87,uniform,20,0,1,2,15,4715,0,314.33,3027074,4182276,4626896,2993815
mldsa87,uniform,20,0,1,3,15,4856,0,323.73,3059593,3408745,3941430,2927147
mldsa87,uniform,20,0,8,1,15,18156,0,1210.40,6084416,11130213,13262231,3857698
mldsa87,uniform,20,0,8,2,15,17757,0,1183.80,6356479,10868184,13502939,4044779
mldsa87,uniform,20,0,8,3,15,16961,0,1130.73,6601666,12019830,14485303,4359868
mldsa87,uniform,20,0,32,1,15,17117,0,1141.13,13540577,84112751,99018656,8194122
mldsa87,uniform,20,0,32,2,15,16744,0,1116.27,12992725,89526976,105862991,9187251
mldsa87,uniform,20,0,32,3,15,16773,0,1118.20,27242199,63871318,76287795,8548310
mldsa87,uniform,20,1,1,1,15,3549,0,236.60,4142361,4839395,5306356,2944524
mldsa87,uniform,20,1,1,2,15,3498,0,233.20,4226199,4634956,5409719,2961958
mldsa87,uniform,20,1,1,3,15,3578,0,238.53,4185566,4411398,4597027,2913005
mldsa87,uniform,20,1,8,1,15,18653,0,1243.53,6230256,9638171,12124674,4373680
mldsa87,uniform,20,1,8,2,15,17893,0,1192.87,6467937,10314245,12759183,4473708
mldsa87,uniform,20,1,8,3,15,17652,0,1176.80,6474673,10391770,12971281,4503198
mldsa87,uniform,20,1,32,1,15,17398,0,1159.87,26360076,51421422,61062233,7242307
mldsa87,uniform,20,1,32,2,15,17424,0,1161.60,26285432,50923410,61342884,7312072
mldsa87,uniform,20,1,32,3,15,17157,0,1143.80,23780384,65943270,83660266,7937235
mldsa87,uniform,20,20,1,1,15,613,0,40.87,24394377,25921952,26627466,3808144
mldsa87,uniform,20,20,1,2,15,614,0,40.93,24364508,25902196,26545257,3766729
mldsa87,uniform,20,20,1,3,15,614,0,40.93,24317701,26203869,27114510,3799543
mldsa87,uniform,20,20,8,1,15,5097,0,339.80,23402846,24585847,26529997,3110753
mldsa87,uniform,20,20,8,2,15,5099,0,339.93,23388261,24615608,26469477,3105149
mldsa87,uniform,20,20,8,3,15,5110,0,340.67,23378576,24353842,25870053,3063352
mldsa87,uniform,20,20,32,1,15,17868,0,1191.20,26222299,34268808,42709053,4633414
mldsa87,uniform,20,20,32,2,15,17661,0,1177.40,26362713,35579746,43304284,4819056
mldsa87,uniform,20,20,32,3,15,17092,0,1139.47,26789706,38404991,47011729,5430642
fndsa512,uniform,1,0,1,1,15,83940,0,5596.00,166672,252589,317211,136910
fndsa512,uniform,1,0,1,2,15,83359,0,5557.27,167202,256371,323692,137278
fndsa512,uniform,1,0,1,3,15,81254,0,5416.93,171837,265472,332241,140949
fndsa512,uniform,1,0,8,1,15,362970,0,24198.00,305408,508840,781855,174352
fndsa512,uniform,1,0,8,2,15,359810,0,23987.33,304335,524347,787296,174353
fndsa512,uniform,1,0,8,3,15,348294,0,23219.60,319053,530342,802782,182350
fndsa512,uniform,1,0,32,1,15,339826,0,22655.07,1869010,3524170,5589005,168231
fndsa512,uniform,1,0,32,2,15,340381,0,22692.07,1331430,2702249,4333516,167169
fndsa512,uniform,1,0,32,3,15,328768,0,21917.87,1331485,2685295,4148728,171595
fndsa512,uniform,1,1,1,1,15,11415,0,761.00,1292143,1427736,1583147,187107
fndsa512,uniform,1,1,1,2,15,11436,0,762.40,1287837,1433835,1654473,184301
fndsa512,uniform,1,1,1,3,15,11452,0,763.47,1292413,1430190,1644968,185375
fndsa512,uniform,1,1,8,1,15,94977,0,6331.80,1246795,1352014,1485329,163582
fndsa512,uniform,1,1,8,2,15,95332,0,6355.47,1245009,1347379,1470782,160972
fndsa512,uniform,1,1,8,3,15,95102,0,6340.13,1247011,1354119,1501574,162424
fndsa512,uniform,1,1,32,1,15,336388,0,22425.87,1374453,1838998,2478357,185434
fndsa512,uniform,1,1,32,2,15,331255,0,22083.67,1385512,1907638,2624345,187932
fndsa512,uniform,1,1,32,3,15,325956,0,21730.40,1401337,1912629,2568293,189659
fndsa512,uniform,1,20,1,1,15,720,0,48.00,20751253,21532708,21977566,319656
fndsa512,uniform,1,20,1,2,15,723,0,48.20,20706997,21219690,21893538,336703
fndsa512,uniform,1,20,1,3,15,716,0,47.73,20845816,21721293,22856158,475590
fndsa512,uniform,1,20,8,1,15,5752,0,383.47,20816423,21513764,22501363,367468
fndsa512,uniform,1,20,8,2,15,5744,0,382.93,20821848,21762467,23024314,395972
fndsa512,uniform,1,20,8,3,15,5752,0,383.47,20795838,21564293,22656143,364080
fndsa512,uniform,1,20,32,1,15,23232,0,1548.80,20557408,21621496,23139799,250935
fndsa512,uniform,1,20,32,2,15,23200,0,1546.67,20574100,21685858,23415175,249142
fndsa512,uniform,1,20,32,3,15,23281,0,1552.07,20476579,21607862,23017433,296432
fndsa512,uniform,20,0,1,1,15,12112,0,807.47,1204830,1389478,1642063,1132119
fndsa512,uniform,20,0,1,2,15,12304,0,820.27,1201484,1375796,1570673,1128518
fndsa512,uniform,20,0,1,3,15,12317,0,821.13,1193197,1361583,1487087,1119262
fndsa512,uniform,20,0,8,1,15,47356,0,3157.07,2389492,3776441,5224486,1435561
fndsa512,uniform,20,0,8,2,15,47183,0,3145.53,2394039,3804156,4991946,1443636
fndsa512,uniform,20,0,8,3,15,46186,0,3079.07,2409545,3843606,5341695,1435296
fndsa512,uniform,20,0,32,1,15,44569,0,2971.27,7498867,33434735,42461851,2175346
fndsa512,uniform,20,0,32,2,15,44683,0,2978.87,7418857,36813857,45565253,2233750
fndsa512,uniform,20,0,32,3,15,43838,0,2922.53,7817736,40124079,50010032,2480439
fndsa512,uniform,20,1,1,1,15,6205,0,413.67,2380851,2661731,3190424,1186552
fndsa512,uniform,20,1,1,2,15,6257,0,417.13,2385909,2571691,3047458,1195067
fndsa512,uniform,20,1,1,3,15,6575,0,438.33,2331307,2548713,2871301,1129595
fndsa512,uniform,20,1,8,1,15,41866,0,2791.07,2347414,4460707,5154731,1470028
fndsa512,uniform,20,1,8,2,15,40050,0,2670.00,2528156,4859066,5516261,1620061
fndsa512,uniform,20,1,8,3,15,41159,0,2743.93,2399618,4682268,5260673,1550392
fndsa512,uniform,20,1,32,1,15,45192,0,3012.80,7524589,30010912,36247011,4314116
fndsa512,uniform,20,1,32,2,15,43858,0,2923.87,8092940,25825929,30888719,4405159
fndsa512,uniform,20,1,32,3,15,45051,0,3003.40,7901313,25417779,30291208,4379141
fndsa512,uniform,20,20,1,1,15,675,0,45.00,22135120,23529372,24378254,1652080
fndsa512,uniform,20,20,1,2,15,673,0,44.87,22218696,23421984,24015608,1857143
fndsa512,uniform,20,20,1,3,15,670,0,44.67,22327221,23717377,24430619,1844647
fndsa512,uniform,20,20,8,1,15,5504,0,366.93,21547907,23209319,25283876,1417674
fndsa512,uniform,20,20,8,2,15,5401,0,360.07,21836881,24805457,27289566,1648963
fndsa512,uniform,20,20,8,3,15,5424,0,361.60,21716213,24370313,26698496,1618771
fndsa512,uniform,20,20,32,1,15,22289,0,1485.93,21450836,22113797,23147023,1273837
fndsa512,uniform,20,20,32,2,15,22377,0,1491.80,21407875,21764785,22736263,1225183
fndsa512,uniform,20,20,32,3,15,22369,0,1491.27,21410309,21804198,22726581,1235875
fndsa1024,uniform,1,0,1,1,15,45310,0,3020.67,318387,437141,509248,274931
fndsa1024,uniform,1,0,1,2,15,45307,0,3020.47,317734,428795,495869,273482
fndsa1024,uniform,1,0,1,3,15,45553,0,3036.87,315711,423350,501707,272259
fndsa1024,uniform,1,0,8,1,15,194412,0,12960.80,580155,934982,1399200,328598
fndsa1024,uniform,1,0,8,2,15,192253,0,12816.87,586291,960470,1419240,336277
fndsa1024,uniform,1,0,8,3,15,188536,0,12569.07,593393,967265,1446379,337215
fndsa1024,uniform,1,0,32,1,15,181698,0,12113.20,2642482,5636566,8763588,343791
fndsa1024,uniform,1,0,32,2,15,181451,0,12096.73,2863858,6173416,9161472,343841
fndsa1024,uniform,1,0,32,3,15,176284,0,11752.27,3303744,7310302,11420682,370470
fndsa1024,uniform,1,1,1,1,15,9960,0,664.00,1437329,2047679,2657937,323827
fndsa1024,uniform,1,1,1,2,15,10160,0,677.33,1432064,1826196,2308066,315899
fndsa1024,uniform,1,1,1,3,15,10325,0,688.33,1434237,1587854,1757818,306826
fndsa1024,uniform,1,1,8,1,15,85709,0,5713.93,1387545,1489784,1671171,300069
fndsa1024,uniform,1,1,8,2,15,85766,0,5717.73,1383478,1482583,1693161,298747
fndsa1024,uniform,1,1,8,3,15,85645,0,5709.67,1385012,1484217,1702198,299159
fndsa1024,uniform,1,1,32,1,15,188804,0,12586.93,2339678,4128353,5745278,392789
fndsa1024,uniform,1,1,32,2,15,189094,0,12606.27,2338969,4366111,6170923,394859
fndsa1024,uniform,1,1,32,3,15,181402,0,12093.47,2438139,4298808,5983907,406688
fndsa1024,uniform,1,20,1,1,15,714,0,47.60,21004049,21473843,21717486,608202
fndsa1024,uniform,1,20,1,2,15,711,0,47.40,20994750,22080150,23012540,663565
fndsa1024,uniform,1,20,1,3,15,714,0,47.60,20988206,21529365,22232776,614245
fndsa1024,uniform,1,20,8,1,15,5704,0,380.27,20913380,22016381,23537445,603458
fndsa1024,uniform,1,20,8,2,15,5704,0,380.27,20956742,21981626,23033487,604229
fndsa1024,uniform,1,20,8,3,15,5696,0,379.73,20933260,22216996,23426058,613113
fndsa1024,uniform,1,20,32,1,15,23268,0,1551.20,20507929,21380266,22650870,381005
fndsa1024,uniform,1,20,32,2,15,23202,0,1546.80,20519718,21690637,23438564,377705
fndsa1024,uniform,1,20,32,3,15,23200,0,1546.67,20527596,21567913,23573802,377023
fndsa1024,uniform,20,0,1,1,15,6826,0,455.07,2161081,2383355,2691441,2069250
fndsa1024,uniform,20,0,1,2,15,6833,0,455.53,2170075,2399548,2739580,2080183
fndsa1024,uniform,20,0,1,3,15,6825,0,455.00,2158714,2378263,2583072,2066784
fndsa1024,uniform,20,0,8,1,15,25055,0,1670.33,4527329,7349823,10154855,2940176
fndsa1024,uniform,20,0,8,2,15,25499,0,1699.93,4460888,7203202,10461694,2887037
fndsa1024,uniform,20,0,8,3,15,25642,0,1709.47,4430999,7114367,10300568,2860248
fndsa1024,uniform,20,0,32,1,15,24937,0,1662.47,12471031,49783402,57368512,6756718
fndsa1024,uniform,20,0,32,2,15,23967,0,1597.80,13184589,51533452,60486359,7144460
fndsa1024,uniform,20,0,32,3,15,24611,0,1640.73,10724540,55001775,62817180,6971997
fndsa1024,uniform,20,1,1,1,15,4388,0,292.53,3344399,4022238,4661590,2146394
fndsa1024,uniform,20,1,1,2,15,4459,0,297.27,3338654,3605325,3983544,2110576
fndsa1024,uniform,20,1,1,3,15,4431,0,295.40,3362032,3695763,4167054,2153891
fndsa1024,uniform,20,1,8,1,15,25227,0,1681.80,4470270,7302824,9028052,3122960
fndsa1024,uniform,20,1,8,2,15,25196,0,1679.73,4500161,7241784,8945821,3110780
fndsa1024,uniform,20,1,8,3,15,24920,0,1661.33,4537821,7312578,9041757,3159964
fndsa1024,uniform,20,1,32,1,15,23640,0,1576.00,17300387,42876348,52626686,9422505
fndsa1024,uniform,20,1,32,2,15,24359,0,1623.93,14519242,44354111,52750622,9137554
fndsa1024,uniform,20,1,32,3,15,24322,0,1621.47,19220153,37631664,44086553,9071576
fndsa1024,uniform,20,20,1,1,15,635,0,42.33,23496528,25170910,25775012,3048097
fndsa1024,uniform,20,20,1,2,15,637,0,42.47,23453485,24959471,25724591,2978671
fndsa1024,uniform,20,20,1,3,15,630,0,42.00,23764445,25285368,26346056,3219270
fndsa1024,uniform,20,20,8,1,15,5315,0,354.33,22493315,23236817,24669106,2246678
fndsa1024,uniform,20,20,8,2,15,5295,0,353.00,22564348,23476610,25045778,2322053
fndsa1024,uniform,20,20,8,3,15,5315,0,354.33,22494416,23267755,24650926,2261171
fndsa1024,uniform,20,20,32,1,15,20998,0,1399.87,22499539,24807642,26398925,2404452
fndsa1024,uniform,20,20,32,2,15,20949,0,1396.60,22508340,24990055,27214549,2436417
fndsa1024,uniform,20,20,32,3,15,20980,0,1398.67,22509081,24881445,26649069,2419048
slhdsa128f,uniform,1,0,1,1,15,6729,0,448.60,2108960,2894400,3402637,2087772
slhdsa128f,uniform,1,0,1,2,15,6974,0,464.93,2104449,2767621,3306176,2067744
slhdsa128f,uniform,1,0,1,3,15,7018,0,467.87,2112623,2326636,2681574,2024645
slhdsa128f,uniform,1,0,8,1,15,27138,0,1809.20,4206492,6858445,9338227,2731596
slhdsa128f,uniform,1,0,8,2,15,26729,0,1781.93,4201547,6811056,9594490,2731057
slhdsa128f,uniform,1,0,8,3,15,25678,0,1711.87,4446494,7244445,10060018,2939338
slhdsa128f,uniform,1,0,32,1,15,24911,0,1660.73,14701630,45990161,54570173,6721912
slhdsa128f,uniform,1,0,32,2,15,25398,0,1693.20,12112540,49966297,59103521,6513952
slhdsa128f,uniform,1,0,32,3,15,25430,0,1695.33,18052933,37349681,44390692,6456314
slhdsa128f,uniform,1,1,1,1,15,4595,0,306.33,3235132,3483026,3996791,2019895
slhdsa128f,uniform,1,1,1,2,15,4573,0,304.87,3248871,3526959,4193869,2041920
slhdsa128f,uniform,1,1,1,3,15,4622,0,308.13,3217944,3416555,3650687,2007868
slhdsa128f,uniform,1,1,8,1,15,26277,0,1751.80,4235715,7137258,8812012,2925170
slhdsa128f,uniform,1,1,8,2,15,26442,0,1762.80,4204102,6812354,8347721,2877132
slhdsa128f,uniform,1,1,8,3,15,25352,0,1690.13,4452054,7227436,9017994,3094594
slhdsa128f,uniform,1,1,32,1,15,25595,0,1706.33,12615162,45045284,52076272,8613758
slhdsa128f,uniform,1,1,32,2,15,25495,0,1699.67,12624245,44768690,51226407,8635548
slhdsa128f,uniform,1,1,32,3,15,25426,0,1695.07,16582636,39109652,46780629,8591462
slhdsa128f,uniform,1,20,1,1,15,641,0,42.73,23304415,24784844,25303463,2818035
slhdsa128f,uniform,1,20,1,2,15,641,0,42.73,23282698,24700506,25964124,2841556
slhdsa128f,uniform,1,20,1,3,15,643,0,42.87,23179992,24764121,25161760,2758796
slhdsa128f,uniform,1,20,8,1,15,5288,0,352.53,22518187,23786265,25803689,2287987
slhdsa128f,uniform,1,20,8,2,15,5285,0,352.33,22503955,23964226,26027342,2286601
slhdsa128f,uniform,1,20,8,3,15,5285,0,352.33,22509832,23992548,25740497,2292853
slhdsa128f,uniform,1,20,32,1,15,21256,0,1417.07,22347906,24357276,25656934,2222033
slhdsa128f,uniform,1,20,32,2,15,21283,0,1418.87,22340351,24283026,25449498,2203434
slhdsa128f,uniform,1,20,32,3,15,21245,0,1416.33,22357779,24354409,25605950,2222534
slhdsa128f,uniform,20,0,1,1,15,998,0,66.53,14967339,15582474,16115632,14670627
slhdsa128f,uniform,20,0,1,2,15,987,0,65.80,15183998,15711557,15995565,14823172
slhdsa128f,uniform,20,0,1,3,15,994,0,66.27,15026589,15531317,16058762,14710658
slhdsa128f,uniform,20,0,8,1,15,3574,0,238.27,31532183,50581431,53748847,30877509
slhdsa128f,uniform,20,0,8,2,15,3534,0,235.60,32275628,48749636,54346208,31617362
slhdsa128f,uniform,20,0,8,3,15,3397,0,226.47,32542836,53043812,57332300,32938495
slhdsa128f,uniform,20,0,32,1,15,3413,0,227.53,159135020,268228585,312292369,128097311
slhdsa128f,uniform,20,0,32,2,15,3462,0,230.80,151477206,274277378,317113548,125542880
slhdsa128f,uniform,20,0,32,3,15,3405,0,227.00,129872152,273305936,315567713,128396976
slhdsa128f,uniform,20,1,1,1,15,917,0,61.13,16255436,16986870,17503300,14857160
slhdsa128f,uniform,20,1,1,2,15,919,0,61.27,16272047,16894430,17405213,14837836
slhdsa128f,uniform,20,1,1,3,15,926,0,61.73,16154003,16713015,17336877,14722457
slhdsa128f,uniform,20,1,8,1,15,3568,0,237.87,31929394,49229944,54297284,31573236
slhdsa128f,uniform,20,1,8,2,15,3433,0,228.87,33005870,48746050,56164322,32662313
slhdsa128f,uniform,20,1,8,3,15,3262,0,217.47,33555570,54092198,56659057,34512256
slhdsa128f,uniform,20,1,32,1,15,3159,0,210.60,150287273,236102099,267729437,138680715
slhdsa128f,uniform,20,1,32,2,15,3209,0,213.93,147681754,207310920,236635569,136036668
slhdsa128f,uniform,20,1,32,3,15,3237,0,215.80,146324607,287030107,322725003,135109854
slhdsa128f,uniform,20,20,1,1,15,418,0,27.87,35799234,36968394,37619863,15099205
slhdsa128f,uniform,20,20,1,2,15,417,0,27.80,35920307,37215834,37983269,15205687
slhdsa128f,uniform,20,20,1,3,15,415,0,27.67,36076696,37345567,38105580,15340004
slhdsa128f,uniform,20,20,8,1,15,3183,0,212.20,36116432,44964648,50841180,16823782
slhdsa128f,uniform,20,20,8,2,15,3116,0,207.73,36838451,47692215,52943240,17633124
slhdsa128f,uniform,20,20,8,3,15,3086,0,205.73,37178958,47571040,53946172,17967816
slhdsa128f,uniform,20,20,32,1,15,3204,0,213.60,146938812,207301676,237344771,120709636
slhdsa128f,uniform,20,20,32,2,15,3206,0,213.73,148170356,199071204,223688199,120504611
slhdsa128f,uniform,20,20,32,3,15,3165,0,211.00,148280856,204066366,240243913,122360858
hyb-ed-fndsa512,hybrid,1,0,1,1,15,48314,0,3220.93,292203,406523,485943,262642
hyb-ed-fndsa512,hybrid,1,0,1,2,15,48506,0,3233.73,293350,400259,484538,262598
hyb-ed-fndsa512,hybrid,1,0,1,3,15,47921,0,3194.73,292666,413684,500322,263325
hyb-ed-fndsa512,hybrid,1,0,8,1,15,197880,0,13192.00,571082,901972,1291928,318926
hyb-ed-fndsa512,hybrid,1,0,8,2,15,180084,0,12005.60,628866,993395,1432858,356258
hyb-ed-fndsa512,hybrid,1,0,8,3,15,180816,0,12054.40,631723,985110,1409707,351328
hyb-ed-fndsa512,hybrid,1,0,32,1,15,174325,0,11621.67,2920306,6319896,9193856,358225
hyb-ed-fndsa512,hybrid,1,0,32,2,15,177464,0,11830.93,3300672,6873695,10095543,348786
hyb-ed-fndsa512,hybrid,1,0,32,3,15,178042,0,11869.47,3081448,6609222,9811251,349774
hyb-ed-fndsa512,hybrid,1,1,1,1,15,10584,0,705.60,1390681,1533088,1675103,291589
hyb-ed-fndsa512,hybrid,1,1,1,2,15,10536,0,702.40,1395164,1539237,1658421,294092
hyb-ed-fndsa512,hybrid,1,1,1,3,15,10410,0,694.00,1395938,1648880,2335837,299533
hyb-ed-fndsa512,hybrid,1,1,8,1,15,86868,0,5791.20,1368253,1463915,1640619,287572
hyb-ed-fndsa512,hybrid,1,1,8,2,15,86681,0,5778.73,1370462,1463738,1642587,288257
hyb-ed-fndsa512,hybrid,1,1,8,3,15,86093,0,5739.53,1378051,1483304,1699563,293058
hyb-ed-fndsa512,hybrid,1,1,32,1,15,189712,0,12647.47,2275417,4121351,5727231,375738
hyb-ed-fndsa512,hybrid,1,1,32,2,15,177709,0,11847.27,2489620,4518637,6334322,418175
hyb-ed-fndsa512,hybrid,1,1,32,3,15,177944,0,11862.93,2488396,4373497,5985362,416924
hyb-ed-fndsa512,hybrid,1,20,1,1,15,724,0,48.27,20723788,20928279,21254355,376664
hyb-ed-fndsa512,hybrid,1,20,1,2,15,724,0,48.27,20690678,21163510,21771107,376836
hyb-ed-fndsa512,hybrid,1,20,1,3,15,723,0,48.20,20713536,21269073,21835976,385885
hyb-ed-fndsa512,hybrid,1,20,8,1,15,5792,0,386.13,20714484,21143123,21431708,366973
hyb-ed-fndsa512,hybrid,1,20,8,2,15,5784,0,385.60,20739641,21171041,21614279,361506
hyb-ed-fndsa512,hybrid,1,20,8,3,15,5792,0,386.13,20704422,21172750,21551602,364310
hyb-ed-fndsa512,hybrid,1,20,32,1,15,23200,0,1546.67,20673465,21134067,21652063,312504
hyb-ed-fndsa512,hybrid,1,20,32,2,15,23168,0,1544.53,20702881,21160085,21751195,311398
hyb-ed-fndsa512,hybrid,1,20,32,3,15,23200,0,1546.67,20666891,21202495,21790718,315830
hyb-ed-fndsa512,hybrid,20,0,1,1,15,6835,0,455.67,2135252,2769143,3187564,2103447
hyb-ed-fndsa512,hybrid,20,0,1,2,15,6940,0,462.67,2117178,2334765,2989433,2057547
hyb-ed-fndsa512,hybrid,20,0,1,3,15,6867,0,457.80,2136243,2381418,2970601,2073192
hyb-ed-fndsa512,hybrid,20,0,8,1,15,26735,0,1782.33,4289962,6606584,8528243,2739217
hyb-ed-fndsa512,hybrid,20,0,8,2,15,24833,0,1655.53,4595730,7199070,9762308,2999277
hyb-ed-fndsa512,hybrid,20,0,8,3,15,24726,0,1648.40,4610363,7273465,9961341,3011534
hyb-ed-fndsa512,hybrid,20,0,32,1,15,24013,0,1600.87,13072878,51443177,60745951,7063670
hyb-ed-fndsa512,hybrid,20,0,32,2,15,24563,0,1637.53,10257441,57903798,67231696,7516629
hyb-ed-fndsa512,hybrid,20,0,32,3,15,24400,0,1626.67,13023686,50669100,58805989,6847911
hyb-ed-fndsa512,hybrid,20,1,1,1,15,4517,0,301.13,3254754,3847989,4307460,2098054
hyb-ed-fndsa512,hybrid,20,1,1,2,15,4529,0,301.93,3281573,3606845,4132037,2107961
hyb-ed-fndsa512,hybrid,20,1,1,3,15,4535,0,302.33,3264474,3564447,4265640,2099975
hyb-ed-fndsa512,hybrid,20,1,8,1,15,25742,0,1716.13,4349906,7266698,8776673,3028080
hyb-ed-fndsa512,hybrid,20,1,8,2,15,24299,0,1619.93,4664127,7525363,9296848,3322246
hyb-ed-fndsa512,hybrid,20,1,8,3,15,23936,0,1595.73,4796106,7762383,9459216,3459351
hyb-ed-fndsa512,hybrid,20,1,32,1,15,23958,0,1597.20,13235436,47952517,56000822,9323574
hyb-ed-fndsa512,hybrid,20,1,32,2,15,23957,0,1597.13,14855995,46248864,53994230,9206848
hyb-ed-fndsa512,hybrid,20,1,32,3,15,23372,0,1558.13,16632399,43622691,51647965,9470992
hyb-ed-fndsa512,hybrid,20,20,1,1,15,663,0,44.20,22585848,22956605,23411162,2144062
hyb-ed-fndsa512,hybrid,20,20,1,2,15,663,0,44.20,22591471,22981149,23463603,2157143
hyb-ed-fndsa512,hybrid,20,20,1,3,15,663,0,44.20,22595756,22876852,23418801,2152118
hyb-ed-fndsa512,hybrid,20,20,8,1,15,5329,0,355.27,22461615,23096170,23748415,2184091
hyb-ed-fndsa512,hybrid,20,20,8,2,15,5327,0,355.13,22450672,23277023,24282242,2166599
hyb-ed-fndsa512,hybrid,20,20,8,3,15,5324,0,354.93,22512114,23037684,23719518,2181530
hyb-ed-fndsa512,hybrid,20,20,32,1,15,21130,0,1408.67,22408472,24578554,26270694,2328902
hyb-ed-fndsa512,hybrid,20,20,32,2,15,21073,0,1404.87,22457573,24734370,26334005,2370326
hyb-ed-fndsa512,hybrid,20,20,32,3,15,20919,0,1394.60,22538038,24944958,26734539,2477396
mix-mldsa87-fndsa512,mixed,1,0,1,1,15,41357,0,2757.13,354957,447522,524699,292757
mix-mldsa87-fndsa512,mixed,1,0,1,2,15,41010,0,2734.00,353201,456703,576547,294180
mix-mldsa87-fndsa512,mixed,1,0,1,3,15,40539,0,2702.60,354872,457121,697625,294698
mix-mldsa87-fndsa512,mixed,1,0,8,1,15,179962,0,11997.47,635583,988543,1419512,348683
mix-mldsa87-fndsa512,mixed,1,0,8,2,15,164440,0,10962.67,686501,1079666,1563310,378395
mix-mldsa87-fndsa512,mixed,1,0,8,3,15,158911,0,10594.07,709237,1128454,1627228,400826
mix-mldsa87-fndsa512,mixed,1,0,32,1,15,159417,0,10627.80,3664029,7937175,11265969,396220
mix-mldsa87-fndsa512,mixed,1,0,32,2,15,159445,0,10629.67,4288746,9089258,12710074,408838
mix-mldsa87-fndsa512,mixed,1,0,32,3,15,158654,0,10576.93,4190435,8869228,12385703,406217
mix-mldsa87-fndsa512,mixed,1,1,1,1,15,9991,0,666.07,1475083,1609901,1975496,323579
mix-mldsa87-fndsa512,mixed,1,1,1,2,15,9886,0,659.07,1475260,1741174,2397906,327387
mix-mldsa87-fndsa512,mixed,1,1,1,3,15,9942,0,662.80,1476036,1671509,2376533,328259
mix-mldsa87-fndsa512,mixed,1,1,8,1,15,83492,0,5566.13,1426544,1528825,1721058,320265
mix-mldsa87-fndsa512,mixed,1,1,8,2,15,82494,0,5499.60,1437071,1548511,1785972,325522
mix-mldsa87-fndsa512,mixed,1,1,8,3,15,83337,0,5555.80,1425478,1533033,1801194,321890
mix-mldsa87-fndsa512,mixed,1,1,32,1,15,165025,0,11001.67,2570880,4650551,6464766,438198
mix-mldsa87-fndsa512,mixed,1,1,32,2,15,158085,0,10539.00,2799150,5588074,8237924,488569
mix-mldsa87-fndsa512,mixed,1,1,32,3,15,154695,0,10313.00,2775197,5240054,7501259,493466
mix-mldsa87-fndsa512,mixed,1,20,1,1,15,721,0,48.07,20775083,21304165,21900647,402684
mix-mldsa87-fndsa512,mixed,1,20,1,2,15,721,0,48.07,20776150,21140040,21624812,397708
mix-mldsa87-fndsa512,mixed,1,20,1,3,15,722,0,48.13,20770348,21022086,21729686,394788
mix-mldsa87-fndsa512,mixed,1,20,8,1,15,5760,0,384.00,20787515,21341434,21838547,392620
mix-mldsa87-fndsa512,mixed,1,20,8,2,15,5767,0,384.47,20791733,21327137,21959798,399256
mix-mldsa87-fndsa512,mixed,1,20,8,3,15,5776,0,385.07,20781526,21215296,21530656,395682
mix-mldsa87-fndsa512,mixed,1,20,32,1,15,23136,0,1542.40,20739703,21218311,21766887,352411
mix-mldsa87-fndsa512,mixed,1,20,32,2,15,23168,0,1544.53,20718813,21192667,21774494,354031
mix-mldsa87-fndsa512,mixed,1,20,32,3,15,23168,0,1544.53,20716008,21224502,21870795,355371
mix-mldsa87-fndsa512,mixed,20,0,1,1,15,10827,0,721.80,1343461,1555112,2171230,1280699
mix-mldsa87-fndsa512,mixed,20,0,1,2,15,10729,0,715.27,1352659,1611072,2256710,1295580
mix-mldsa87-fndsa512,mixed,20,0,1,3,15,10430,0,695.33,1394593,1778456,2465243,1334666
mix-mldsa87-fndsa512,mixed,20,0,8,1,15,41345,0,2756.33,2725380,4265386,5814607,1635397
mix-mldsa87-fndsa512,mixed,20,0,8,2,15,38023,0,2534.87,3014824,4637455,6516986,1717242
mix-mldsa87-fndsa512,mixed,20,0,8,3,15,37410,0,2494.00,3009550,4831141,6863259,1772730
mix-mldsa87-fndsa512,mixed,20,0,32,1,15,37072,0,2471.47,7827669,37729968,45000546,2380341
mix-mldsa87-fndsa512,mixed,20,0,32,2,15,37454,0,2496.93,9290268,32518968,38535521,2213443
mix-mldsa87-fndsa512,mixed,20,0,32,3,15,37694,0,2512.93,7640619,39270074,46317812,2289026
mix-mldsa87-fndsa512,mixed,20,1,1,1,15,5921,0,394.73,2514711,2833763,3635338,1333743
mix-mldsa87-fndsa512,mixed,20,1,1,2,15,5927,0,395.13,2500911,2683107,3385946,1306809
mix-mldsa87-fndsa512,mixed,20,1,1,3,15,5958,0,397.20,2496815,2671053,3163721,1297500
mix-mldsa87-fndsa512,mixed,20,1,8,1,15,37516,0,2501.07,2581143,5137944,5691114,1813315
mix-mldsa87-fndsa512,mixed,20,1,8,2,15,35716,0,2381.07,2763719,5327219,6221438,1956114
mix-mldsa87-fndsa512,mixed,20,1,8,3,15,36100,0,2406.67,2693019,5232701,5914325,1931752
mix-mldsa87-fndsa512,mixed,20,1,32,1,15,37927,0,2528.47,8890871,34777145,41438187,3561640
mix-mldsa87-fndsa512,mixed,20,1,32,2,15,37865,0,2524.33,9668346,27705220,33006477,3440082
mix-mldsa87-fndsa512,mixed,20,1,32,3,15,37102,0,2473.47,8601647,37266739,43702160,3667680
mix-mldsa87-fndsa512,mixed,20,20,1,1,15,686,0,45.73,21818124,22507526,23112869,1395009
mix-mldsa87-fndsa512,mixed,20,20,1,2,15,688,0,45.87,21800009,22011386,22332584,1359927
mix-mldsa87-fndsa512,mixed,20,20,1,3,15,687,0,45.80,21832208,22074919,22665803,1378398
mix-mldsa87-fndsa512,mixed,20,20,8,1,15,5504,0,366.93,21759709,22308491,23095634,1372340
mix-mldsa87-fndsa512,mixed,20,20,8,2,15,5512,0,367.47,21737435,22388667,23094868,1374061
mix-mldsa87-fndsa512,mixed,20,20,8,3,15,5508,0,367.20,21738027,22433587,23105424,1375006
mix-mldsa87-fndsa512,mixed,20,20,32,1,15,22204,0,1480.27,21571029,21973444,23004623,1378861
mix-mldsa87-fndsa512,mixed,20,20,32,2,15,22238,0,1482.53,21546418,21819628,22943332,1358378
mix-mldsa87-fndsa512,mixed,20,20,32,3,15,22210,0,1480.67,21567286,21935154,22991656,1374458
ed25519,classic,1,0,2,1,15,187055,0,12470.33,150339,208428,261752,120516
ed25519,classic,1,0,2,2,15,186351,0,12423.40,150550,209544,261199,120593
ed25519,classic,1,0,2,3,15,188051,0,12536.73,149730,206439,258822,119965
ed25519,classic,1,0,4,1,15,341243,0,22749.53,169572,218984,279429,129562
ed25519,classic,1,0,4,2,15,343766,0,22917.73,169140,218162,271726,129410
ed25519,classic,1,0,4,3,15,334306,0,22287.07,174542,221794,277752,133112
ed25519,classic,1,0,16,1,15,376595,0,25106.33,628712,1209896,1808159,150175
ed25519,classic,1,0,16,2,15,364020,0,24268.00,738356,1392622,2113105,161430
ed25519,classic,1,0,16,3,15,358002,0,23866.80,659731,1227598,1818006,157726
ed25519,classic,1,1,2,1,15,22750,0,1516.67,1314625,1415601,1525120,153446
ed25519,classic,1,1,2,2,15,22890,0,1526.00,1308264,1420552,1560663,156193
ed25519,classic,1,1,2,3,15,22947,0,1529.80,1301211,1398708,1482732,148736
ed25519,classic,1,1,4,1,15,45195,0,3013.00,1322474,1428671,1557272,147215
ed25519,classic,1,1,4,2,15,43292,0,2886.13,1358719,1504981,1627914,156127
ed25519,classic,1,1,4,3,15,43825,0,2921.67,1354212,1517828,1637905,154077
ed25519,classic,1,1,16,1,15,193114,0,12874.27,1228318,1353660,1481573,150002
ed25519,classic,1,1,16,2,15,193115,0,12874.33,1225458,1341884,1447866,146995
ed25519,classic,1,1,16,3,15,191794,0,12786.27,1235874,1383134,1532518,152773
ed25519,classic,1,20,2,1,15,1440,0,96.00,20820258,21378083,22135915,329470
ed25519,classic,1,20,2,2,15,1396,0,93.07,21507741,22250361,22614044,323893
ed25519,classic,1,20,2,3,15,1442,0,96.13,20762781,21227280,21843056,327724
ed25519,classic,1,20,4,1,15,2820,0,188.00,21081519,22283306,22962460,349121
ed25519,classic,1,20,4,2,15,2836,0,189.07,21012363,21881854,22309803,315878
ed25519,classic,1,20,4,3,15,2900,0,193.33,20651559,21062465,21666202,300658
ed25519,classic,1,20,16,1,15,11616,0,774.40,20601626,21361732,22651509,261371
ed25519,classic,1,20,16,2,15,11456,0,763.73,20897614,21920680,23361641,267513
ed25519,classic,1,20,16,3,15,11284,0,752.27,21176015,22323389,23245900,259004
ed25519,classic,20,0,2,1,15,32202,0,2146.80,926313,1064890,1174582,861495
ed25519,classic,20,0,2,2,15,32904,0,2193.60,897093,1023417,1116390,836296
ed25519,classic,20,0,2,3,15,32285,0,2152.33,913539,1037448,1120781,850215
ed25519,classic,20,0,4,1,15,60592,0,4039.47,948850,1148856,1319129,895115
ed25519,classic,20,0,4,2,15,56269,0,3751.27,1046934,1168580,1325229,976992
ed25519,classic,20,0,4,3,15,56969,0,3797.93,1044537,1196321,1379270,979701
ed25519,classic,20,0,16,1,15,55677,0,3711.80,4031527,11237026,14870235,1203527
ed25519,classic,20,0,16,2,15,56558,0,3770.53,3893632,9628285,12522673,1151015
ed25519,classic,20,0,16,3,15,55982,0,3732.13,4102775,11787923,15433926,1186524
ed25519,classic,20,1,2,1,15,14518,0,967.87,2062406,2240097,2498900,871351
ed25519,classic,20,1,2,2,15,14373,0,958.20,2026354,2269700,2502884,869203
ed25519,classic,20,1,2,3,15,14384,0,958.93,2060756,2301740,2543269,881001
ed25519,classic,20,1,4,1,15,28695,0,1913.00,2058765,2229779,2393981,897564
ed25519,classic,20,1,4,2,15,28834,0,1922.27,2072315,2233352,2377104,889111
ed25519,classic,20,1,4,3,15,28073,0,1871.53,2082352,2273649,2407242,925093
ed25519,classic,20,1,16,1,15,50217,0,3347.80,4314086,9269613,12001920,1915612
ed25519,classic,20,1,16,2,15,50871,0,3391.40,4258059,8865170,11367867,1802389
ed25519,classic,20,1,16,3,15,52264,0,3484.27,4230731,8679448,11247992,1707427
ed25519,classic,20,20,2,1,15,1388,0,92.53,21469572,22605477,24004632,1133424
ed25519,classic,20,20,2,2,15,1390,0,92.67,21505407,22108199,23143418,1067407
ed25519,classic,20,20,2,3,15,1390,0,92.67,21489683,22254804,23369778,1088499
ed25519,classic,20,20,4,1,15,2788,0,185.87,21483820,21884536,22850288,1020831
ed25519,classic,20,20,4,2,15,2780,0,185.33,21497697,22220972,23997502,1090466
ed25519,classic,20,20,4,3,15,2776,0,185.07,21492804,22635801,24652385,1146524
ed25519,classic,20,20,16,1,15,11254,0,750.27,21223817,22149107,22817375,991664
ed25519,classic,20,20,16,2,15,11289,0,752.60,21063846,22604574,24641220,1004866
ed25519,classic,20,20,16,3,15,11243,0,749.53,21129657,22650817,24858414,1037396
mldsa44,uniform,1,0,2,1,15,127603,0,8506.87,220534,312756,366549,180713
mldsa44,uniform,1,0,2,2,15,124190,0,8279.33,227210,320941,377996,184779
mldsa44,uniform,1,0,2,3,15,124837,0,8322.47,225429,320025,377964,183634
mldsa44,uniform,1,0,4,1,15,221334,0,14755.60,259819,348291,434250,201665
mldsa44,uniform,1,0,4,2,15,200650,0,13376.67,289624,380939,516531,225560
mldsa44,uniform,1,0,4,3,15,209013,0,13934.20,279758,359328,467042,217156
mldsa44,uniform,1,0,16,1,15,251883,0,16792.20,924882,1761096,2546868,224071
mldsa44,uniform,1,0,16,2,15,245080,0,16338.67,921567,1923808,2852472,235314
mldsa44,uniform,1,0,16,3,15,249670,0,16644.67,909349,1798430,2667704,225365
mldsa44,uniform,1,1,2,1,15,21785,0,1452.33,1355965,1486189,1643940,207297
mldsa44,uniform,1,1,2,2,15,21801,0,1453.40,1360878,1490565,1639765,205893
mldsa44,uniform,1,1,2,3,15,22399,0,1493.27,1344278,1500025,1678889,210154
mldsa44,uniform,1,1,4,1,15,43769,0,2917.93,1351005,1490638,1648507,209646
mldsa44,uniform,1,1,4,2,15,43563,0,2904.20,1362554,1511372,1699425,211754
mldsa44,uniform,1,1,4,3,15,44285,0,2952.33,1338053,1496622,1699515,211555
mldsa44,uniform,1,1,16,1,15,179568,0,11971.20,1311081,1512169,1696743,215381
mldsa44,uniform,1,1,16,2,15,179211,0,11947.40,1314701,1512581,1694364,217801
mldsa44,uniform,1,1,16,3,15,174342,0,11622.80,1343631,1590011,1796877,240951
mldsa44,uniform,1,20,2,1,15,1454,0,96.93,20608937,20900303,21550255,309698
mldsa44,uniform,1,20,2,2,15,1454,0,96.93,20605566,20853020,21335953,300975
mldsa44,uniform,1,20,2,3,15,1454,0,96.93,20613163,20874885,21327192,310078
mldsa44,uniform,1,20,4,1,15,2904,0,193.60,20641541,20928712,21641618,294669
mldsa44,uniform,1,20,4,2,15,2904,0,193.60,20636499,20876735,21097594,283329
mldsa44,uniform,1,20,4,3,15,2904,0,193.60,20638726,20919235,21506669,291608
mldsa44,uniform,1,20,16,1,15,11296,0,753.07,21166275,22307284,23293622,287898
mldsa44,uniform,1,20,16,2,15,11616,0,774.40,20609902,21267341,22330780,278726
mldsa44,uniform,1,20,16,3,15,11584,0,772.27,20625806,21741052,22270242,272715
mldsa44,uniform,20,0,2,1,15,17603,0,1173.53,1733007,1988749,2161353,1537884
mldsa44,uniform,20,0,2,2,15,18282,0,1218.80,1624646,1839655,1999658,1444789
mldsa44,uniform,20,0,2,3,15,18445,0,1229.67,1607733,1831766,2010920,1430350
mldsa44,uniform,20,0,4,1,15,32661,0,2177.40,1755978,2066934,2427619,1552659
mldsa44,uniform,20,0,4,2,15,31407,0,2093.80,1878979,2148286,2520565,1672566
mldsa44,uniform,20,0,4,3,15,31410,0,2094.00,1884863,2169286,2539945,1679953
mldsa44,uniform,20,0,16,1,15,31850,0,2123.33,6878644,15197102,18917393,2386407
mldsa44,uniform,20,0,16,2,15,31901,0,2126.73,6300041,16877129,19992186,2431625
mldsa44,uniform,20,0,16,3,15,31859,0,2123.93,7109047,13741821,16228500,2378927
mldsa44,uniform,20,1,2,1,15,10773,0,718.20,2752478,3058500,3362935,1454846
mldsa44,uniform,20,1,2,2,15,10728,0,715.20,2763982,3049161,3336213,1454269
mldsa44,uniform,20,1,2,3,15,10753,0,716.87,2769494,3017327,3234250,1450936
mldsa44,uniform,20,1,4,1,15,20587,0,1372.47,2863965,3251192,3515438,1507726
mldsa44,uniform,20,1,4,2,15,20470,0,1364.67,2895556,3303961,3638318,1516918
mldsa44,uniform,20,1,4,3,15,20109,0,1340.60,2958468,3384999,3821189,1559313
mldsa44,uniform,20,1,16,1,15,31886,0,2125.73,7108585,12721341,15075739,3588106
mldsa44,uniform,20,1,16,2,15,31995,0,2133.00,7056042,12761565,15041692,3606487
mldsa44,uniform,20,1,16,3,15,31904,0,2126.93,7109334,12719914,15082680,3601531
mldsa44,uniform,20,20,2,1,15,1350,0,90.00,22033888,23346217,24747314,1695984
mldsa44,uniform,20,20,2,2,15,1352,0,90.13,22026890,23294234,24599328,1680303
mldsa44,uniform,20,20,2,3,15,1350,0,90.00,22027695,23277929,25142784,1714185
mldsa44,uniform,20,20,4,1,15,2680,0,178.67,22186247,23936546,25228949,1811363
mldsa44,uniform,20,20,4,2,15,2612,0,174.13,22663373,25112440,26677179,1990222
mldsa44,uniform,20,20,4,3,15,2648,0,176.53,22315627,24547608,26384322,1941448
mldsa44,uniform,20,20,16,1,15,10735,0,715.67,22094822,23692211,25229130,1730798
mldsa44,uniform,20,20,16,2,15,10824,0,721.60,21913772,23194255,25280264,1661883
mldsa44,uniform,20,20,16,3,15,10827,0,721.80,21899176,23441247,25409409,1669741
mldsa87,uniform,1,0,2,1,15,64276,0,4285.07,456125,562167,628036,374733
mldsa87,uniform,1,0,2,2,15,64370,0,4291.33,456385,561316,623591,375191
mldsa87,uniform,1,0,2,3,15,64695,0,4313.00,454736,556988,617614,374073
mldsa87,uniform,1,0,4,1,15,107873,0,7191.53,536566,648479,782489,435801
mldsa87,uniform,1,0,4,2,15,110231,0,7348.73,532474,626567,781069,438847
mldsa87,uniform,1,0,4,3,15,107977,0,7198.47,548505,652392,793316,450622
mldsa87,uniform,1,0,16,1,15,117939,0,7862.60,1947737,3721878,5275908,526986
mldsa87,uniform,1,0,16,2,15,121345,0,8089.67,1851366,3282257,4366310,499535
mldsa87,uniform,1,0,16,3,15,121573,0,8104.87,1841751,3351996,4431560,503328
mldsa87,uniform,1,1,2,1,15,19285,0,1285.67,1534021,1679548,1869897,389420
mldsa87,uniform,1,1,2,2,15,19163,0,1277.53,1552315,1694928,1878207,399205
mldsa87,uniform,1,1,2,3,15,18965,0,1264.33,1559944,1701376,1868686,398970
mldsa87,uniform,1,1,4,1,15,36383,0,2425.53,1613568,1806130,1959374,415370
mldsa87,uniform,1,1,4,2,15,38063,0,2537.53,1598743,1797819,2038796,408713
mldsa87,uniform,1,1,4,3,15,35738,0,2382.53,1696861,1913150,2122601,429934
mldsa87,uniform,1,1,16,1,15,127703,0,8513.53,1805543,2521838,3154501,527931
mldsa87,uniform,1,1,16,2,15,117009,0,7800.60,1946839,2901517,3665208,567613
mldsa87,uniform,1,1,16,3,15,116453,0,7763.53,1958807,2957465,3793084,565999
mldsa87,uniform,1,20,2,1,15,1426,0,95.07,21018945,21313950,21976586,512530
mldsa87,uniform,1,20,2,2,15,1424,0,94.93,21034204,21420159,22239270,535346
mldsa87,uniform,1,20,2,3,15,1424,0,94.93,21065521,21288614,21549696,507698
mldsa87,uniform,1,20,4,1,15,2848,0,189.87,21029841,21459936,22038051,542608
mldsa87,uniform,1,20,4,2,15,2844,0,189.60,21069491,21518177,22084958,532911
mldsa87,uniform,1,20,4,3,15,2860,0,190.67,20963212,21195532,21691144,483970
mldsa87,uniform,1,20,16,1,15,11424,0,761.60,20905727,21932409,22860601,513467
mldsa87,uniform,1,20,16,2,15,11440,0,762.67,20925833,21858942,22507329,502040
mldsa87,uniform,1,20,16,3,15,11428,0,761.87,20902085,21961080,22928615,523240
mldsa87,uniform,20,0,2,1,15,8933,0,595.53,3307491,3607610,3785612,2984908
mldsa87,uniform,20,0,2,2,15,8911,0,594.07,3354941,3693891,3867188,3031873
mldsa87,uniform,20,0,2,3,15,8987,0,599.13,3305075,3615347,3854357,3002553
mldsa87,uniform,20,0,4,1,15,15494,0,1032.93,3770456,4357982,5188773,3425139
mldsa87,uniform,20,0,4,2,15,15193,0,1012.87,3855754,4358479,5062105,3520029
mldsa87,uniform,20,0,4,3,15,15457,0,1030.47,3819092,4365537,5095072,3489087
mldsa87,uniform,20,0,16,1,15,15699,0,1046.60,14502924,27605835,33390877,5818245
mldsa87,uniform,20,0,16,2,15,16173,0,1078.20,14139160,26355119,32863515,5411900
mldsa87,uniform,20,0,16,3,15,16163,0,1077.53,14135425,26113166,33311551,5426236
mldsa87,uniform,20,1,2,1,15,6792,0,452.80,4399985,4733244,4922227,2985274
mldsa87,uniform,20,1,2,2,15,6794,0,452.93,4389455,4719601,4925631,2964074
mldsa87,uniform,20,1,2,3,15,7154,0,476.93,4119422,4580927,4741857,2797847
mldsa87,uniform,20,1,4,1,15,13163,0,877.53,4530087,4945489,5198222,2989821
mldsa87,uniform,20,1,4,2,15,12513,0,834.20,4704594,5222365,5475540,3167130
mldsa87,uniform,20,1,4,3,15,12220,0,814.67,4927852,5382750,5628152,3231749
mldsa87,uniform,20,1,16,1,15,16764,0,1117.60,13722147,24800143,30998524,5729963
mldsa87,uniform,20,1,16,2,15,16472,0,1098.13,13880180,25172462,31684101,5938805
mldsa87,uniform,20,1,16,3,15,15841,0,1056.07,14797631,27258129,34285233,5803560
mldsa87,uniform,20,20,2,1,15,1224,0,81.60,24195374,26396107,28532767,3621570
mldsa87,uniform,20,20,2,2,15,1202,0,80.13,24793152,27088415,29291973,3773135
mldsa87,uniform,20,20,2,3,15,1216,0,81.07,24339369,27127841,29253555,3763806
mldsa87,uniform,20,20,4,1,15,2432,0,162.13,24439748,26534672,28987723,3468937
mldsa87,uniform,20,20,4,2,15,2400,0,160.00,24501633,28142345,29259798,3816155
mldsa87,uniform,20,20,4,3,15,2376,0,158.40,24796661,28755559,29813649,4063697
mldsa87,uniform,20,20,16,1,15,9984,0,665.60,23599306,24543966,27063324,3123128
mldsa87,uniform,20,20,16,2,15,9970,0,664.67,23650760,25381210,27271564,3171668
mldsa87,uniform,20,20,16,3,15,9987,0,665.80,23669847,25037649,27163494,3157100
fndsa512,uniform,1,0,2,1,15,159633,0,10642.20,176257,256046,309654,140931
fndsa512,uniform,1,0,2,2,15,161068,0,10737.87,174840,250626,297937,140365
fndsa512,uniform,1,0,2,3,15,161595,0,10773.00,174992,247471,295692,139502
fndsa512,uniform,1,0,4,1,15,284752,0,18983.47,204872,259540,309196,154880
fndsa512,uniform,1,0,4,2,15,265700,0,17713.33,216502,286634,393252,165834
fndsa512,uniform,1,0,4,3,15,275437,0,18362.47,212783,264578,313339,161298
fndsa512,uniform,1,0,16,1,15,331718,0,22114.53,686741,1165869,1597455,166250
fndsa512,uniform,1,0,16,2,15,333696,0,22246.40,690548,1312423,1883125,165271
fndsa512,uniform,1,0,16,3,15,324942,0,21662.80,701819,1396983,2066568,171516
fndsa512,uniform,1,1,2,1,15,23048,0,1536.53,1296047,1390594,1506802,170231
fndsa512,uniform,1,1,2,2,15,22968,0,1531.20,1295152,1393159,1511116,170307
fndsa512,uniform,1,1,2,3,15,23056,0,1537.07,1288746,1395155,1518219,171083
fndsa512,uniform,1,1,4,1,15,45347,0,3023.13,1311867,1417205,1570892,169699
fndsa512,uniform,1,1,4,2,15,45403,0,3026.87,1313429,1408314,1502737,165668
fndsa512,uniform,1,1,4,3,15,45431,0,3028.73,1309322,1408070,1526076,166600
fndsa512,uniform,1,1,16,1,15,190133,0,12675.53,1248630,1366354,1463387,166569
fndsa512,uniform,1,1,16,2,15,189525,0,12635.00,1249165,1372371,1477515,167318
fndsa512,uniform,1,1,16,3,15,190367,0,12691.13,1247273,1364839,1467202,166487
fndsa512,uniform,1,20,2,1,15,1448,0,96.53,20697288,21108390,21677088,367731
fndsa512,uniform,1,20,2,2,15,1444,0,96.27,20716575,21264006,22245408,398063
fndsa512,uniform,1,20,2,3,15,1448,0,96.53,20666990,21193631,22485103,380979
fndsa512,uniform,1,20,4,1,15,2892,0,192.80,20717429,21143283,21623239,366399
fndsa512,uniform,1,20,4,2,15,2892,0,192.80,20700130,21234347,22392419,374416
fndsa512,uniform,1,20,4,3,15,2892,0,192.80,20685405,21290262,22188379,362966
fndsa512,uniform,1,20,16,1,15,11600,0,773.33,20594661,21486583,22795047,309059
fndsa512,uniform,1,20,16,2,15,11616,0,774.40,20560425,21549922,22840230,320423
fndsa512,uniform,1,20,16,3,15,11590,0,772.67,20576097,21689568,23218701,339078
fndsa512,uniform,20,0,2,1,15,23952,0,1596.80,1240404,1416313,1550783,1135902
fndsa512,uniform,20,0,2,2,15,23923,0,1594.87,1237188,1381973,1476145,1127184
fndsa512,uniform,20,0,2,3,15,24032,0,1602.13,1233712,1380284,1476087,1126263
fndsa512,uniform,20,0,4,1,15,45703,0,3046.87,1288736,1452404,1695370,1172923
fndsa512,uniform,20,0,4,2,15,43954,0,2930.27,1336021,1509315,1786607,1213800
fndsa512,uniform,20,0,4,3,15,43766,0,2917.73,1353762,1490541,1656650,1234563
fndsa512,uniform,20,0,16,1,15,44158,0,2943.87,5049123,10047650,12998654,1673094
fndsa512,uniform,20,0,16,2,15,44143,0,2942.87,5059401,9943998,12169444,1658109
fndsa512,uniform,20,0,16,3,15,44188,0,2945.87,4980215,14572858,18414150,1836907
fndsa512,uniform,20,1,2,1,15,12566,0,837.73,2363274,2542898,2895724,1139943
fndsa512,uniform,20,1,2,2,15,12030,0,802.00,2517373,2763591,3128001,1214266
fndsa512,uniform,20,1,2,3,15,12456,0,830.40,2392785,2587417,2884380,1161230
fndsa512,uniform,20,1,4,1,15,24428,0,1628.53,2420098,2775328,3082864,1196028
fndsa512,uniform,20,1,4,2,15,24609,0,1640.60,2423286,2699549,2949434,1192706
fndsa512,uniform,20,1,4,3,15,24590,0,1639.33,2404831,2681489,3024679,1185670
fndsa512,uniform,20,1,16,1,15,42345,0,2823.00,4887278,10789057,13656555,2478453
fndsa512,uniform,20,1,16,2,15,43383,0,2892.20,5005531,10595559,13266666,2544220
fndsa512,uniform,20,1,16,3,15,43826,0,2921.73,4964849,10524756,13151942,2518927
fndsa512,uniform,20,20,2,1,15,1352,0,90.13,21927824,23816757,26555746,1786522
fndsa512,uniform,20,20,2,2,15,1366,0,91.07,21736253,23188948,24970299,1573538
fndsa512,uniform,20,20,2,3,15,1354,0,90.27,21946043,23420850,25664105,1768931
fndsa512,uniform,20,20,4,1,15,2652,0,176.80,22326529,24757870,26961392,2026367
fndsa512,uniform,20,20,4,2,15,2596,0,173.07,22721020,26329633,27862388,2151582
fndsa512,uniform,20,20,4,3,15,2652,0,176.80,22308912,25529968,26999919,2096351
fndsa512,uniform,20,20,16,1,15,11082,0,738.80,21488890,22761598,24351908,1322417
fndsa512,uniform,20,20,16,2,15,11091,0,739.40,21454345,22907277,24463542,1315092
fndsa512,uniform,20,20,16,3,15,10997,0,733.13,21550633,23308147,25475902,1397234
fndsa1024,uniform,1,0,2,1,15,89439,0,5962.60,318197,416775,470417,277970
fndsa1024,uniform,1,0,2,2,15,90703,0,6046.87,315926,415479,471763,275383
fndsa1024,uniform,1,0,2,3,15,90166,0,6011.07,318633,415338,467449,276278
fndsa1024,uniform,1,0,4,1,15,163621,0,10908.07,357266,453220,560514,301604
fndsa1024,uniform,1,0,4,2,15,164422,0,10961.47,354658,437317,507962,297390
fndsa1024,uniform,1,0,4,3,15,155948,0,10396.53,374622,450595,527934,314202
fndsa1024,uniform,1,0,16,1,15,172529,0,11501.93,1325572,2596796,3767084,336190
fndsa1024,uniform,1,0,16,2,15,168803,0,11253.53,1337932,2557783,3702642,349267
fndsa1024,uniform,1,0,16,3,15,175907,0,11727.13,1309322,2577173,3697051,331343
fndsa1024,uniform,1,1,2,1,15,20577,0,1371.80,1440783,1575618,1758921,299423
fndsa1024,uniform,1,1,2,2,15,20141,0,1342.73,1504560,1669583,1886470,311283
fndsa1024,uniform,1,1,2,3,15,20357,0,1357.13,1470609,1613416,1841286,310355
fndsa1024,uniform,1,1,4,1,15,41962,0,2797.47,1426981,1558892,1703177,299963
fndsa1024,uniform,1,1,4,2,15,41803,0,2786.87,1428001,1560191,1691596,299867
fndsa1024,uniform,1,1,4,3,15,41591,0,2772.73,1432348,1559384,1728650,300728
fndsa1024,uniform,1,1,16,1,15,156260,0,10417.33,1459505,1933436,2254027,361520
fndsa1024,uniform,1,1,16,2,15,160606,0,10707.07,1450469,1892010,2113554,351319
fndsa1024,uniform,1,1,16,3,15,154517,0,10301.13,1442409,1904935,2143099,352967
fndsa1024,uniform,1,20,2,1,15,1416,0,94.40,21114906,21817735,23236904,591713
fndsa1024,uniform,1,20,2,2,15,1432,0,95.47,20857450,21582695,22944624,573686
fndsa1024,uniform,1,20,2,3,15,1432,0,95.47,20859888,21511217,23048065,574622
fndsa1024,uniform,1,20,4,1,15,2860,0,190.67,20891959,21720235,22969741,567827
fndsa1024,uniform,1,20,4,2,15,2800,0,186.67,21361018,22050618,23180188,528055
fndsa1024,uniform,1,20,4,3,15,2824,0,188.27,21071919,22155021,22987139,583024
fndsa1024,uniform,1,20,16,1,15,11520,0,768.00,20663147,22043668,23734156,478426
fndsa1024,uniform,1,20,16,2,15,11472,0,764.80,20735845,22291911,24326000,472904
fndsa1024,uniform,1,20,16,3,15,11488,0,765.87,20744174,22049129,24264360,466755
fndsa1024,uniform,20,0,2,1,15,12714,0,847.60,2362764,2545964,2640559,2194734
fndsa1024,uniform,20,0,2,2,15,12717,0,847.80,2366212,2564730,2719690,2200923
fndsa1024,uniform,20,0,2,3,15,12350,0,823.33,2457468,2670492,2791303,2274711
fndsa1024,uniform,20,0,4,1,15,24695,0,1646.33,2407236,2637418,2870983,2224085
fndsa1024,uniform,20,0,4,2,15,23219,0,1547.93,2507212,2842831,3083481,2325529
fndsa1024,uniform,20,0,4,3,15,23486,0,1565.73,2536991,2760070,2956319,2346764
fndsa1024,uniform,20,0,16,1,15,22955,0,1530.33,8956037,21100416,25412327,4383554
fndsa1024,uniform,20,0,16,2,15,23756,0,1583.73,10026732,17089184,20490906,4085664
fndsa1024,uniform,20,0,16,3,15,23266,0,1551.07,9578278,19553897,24065079,4237364
fndsa1024,uniform,20,1,2,1,15,8635,0,575.67,3470004,3752271,3978327,2191080
fndsa1024,uniform,20,1,2,2,15,8528,0,568.53,3481689,3737339,3930811,2190031
fndsa1024,uniform,20,1,2,3,15,8561,0,570.73,3492431,3733003,3911148,2202826
fndsa1024,uniform,20,1,4,1,15,16498,0,1099.87,3631813,3917502,4087786,2256207
fndsa1024,uniform,20,1,4,2,15,16546,0,1103.07,3624800,3956259,4246646,2258848
fndsa1024,uniform,20,1,4,3,15,16307,0,1087.13,3633522,3973085,4313440,2269866
fndsa1024,uniform,20,1,16,1,15,23506,0,1567.07,9417624,18757510,22057231,5173431
fndsa1024,uniform,20,1,16,2,15,23460,0,1564.00,10107238,17297827,20961354,5104346
fndsa1024,uniform,20,1,16,3,15,23636,0,1575.73,10370509,16503172,19784186,5059924
fndsa1024,uniform,20,20,2,1,15,1266,0,84.40,23575127,25466651,27642926,2854087
fndsa1024,uniform,20,20,2,2,15,1262,0,84.13,23561345,26086805,27750758,2970788
fndsa1024,uniform,20,20,2,3,15,1260,0,84.00,23560485,25859168,27456513,2951954
fndsa1024,uniform,20,20,4,1,15,2492,0,166.13,23674271,27338427,28749158,3209527
fndsa1024,uniform,20,20,4,2,15,2468,0,164.53,23865573,28140201,29852811,3253070
fndsa1024,uniform,20,20,4,3,15,2476,0,165.07,23550085,27995214,29146769,3314264
fndsa1024,uniform,20,20,16,1,15,10433,0,695.53,22859728,24062105,25887803,2439434
fndsa1024,uniform,20,20,16,2,15,10510,0,700.67,22697572,23782813,25984586,2370605
fndsa1024,uniform,20,20,16,3,15,10458,0,697.20,22768613,24341694,26459718,2415171
slhdsa128f,uniform,1,0,2,1,15,13384,0,892.27,2231131,2388534,2490516,2085618
slhdsa128f,uniform,1,0,2,2,15,13318,0,887.87,2252812,2409891,2494172,2104705
slhdsa128f,uniform,1,0,2,3,15,13271,0,884.73,2261507,2473057,2742536,2115984
slhdsa128f,uniform,1,0,4,1,15,24944,0,1662.93,2313259,2598910,2750209,2173319
slhdsa128f,uniform,1,0,4,2,15,23716,0,1581.07,2523648,2728717,3054400,2353871
slhdsa128f,uniform,1,0,4,3,15,23676,0,1578.40,2517029,2709529,2915965,2344592
slhdsa128f,uniform,1,0,16,1,15,23489,0,1565.93,9362687,19542263,25151725,4316154
slhdsa128f,uniform,1,0,16,2,15,23763,0,1584.20,8541813,20430898,24496265,4206929
slhdsa128f,uniform,1,0,16,3,15,24247,0,1616.47,9615052,16952785,21728225,4052415
slhdsa128f,uniform,1,1,2,1,15,8811,0,587.40,3405084,3600155,3755443,2127069
slhdsa128f,uniform,1,1,2,2,15,8843,0,589.53,3379076,3606925,3851392,2106335
slhdsa128f,uniform,1,1,2,3,15,8838,0,589.20,3384987,3581030,3846174,2102265
slhdsa128f,uniform,1,1,4,1,15,17183,0,1145.53,3472295,3715283,3961640,2135206
slhdsa128f,uniform,1,1,4,2,15,17182,0,1145.47,3474028,3729212,3951706,2136572
slhdsa128f,uniform,1,1,4,3,15,16716,0,1114.40,3571432,3981742,4863063,2283905
slhdsa128f,uniform,1,1,16,1,15,23740,0,1582.67,10184032,16403311,19875826,4967470
slhdsa128f,uniform,1,1,16,2,15,23830,0,1588.67,9692574,17488383,21257613,4961521
slhdsa128f,uniform,1,1,16,3,15,23880,0,1592.00,9250243,18597109,21991398,5055394
slhdsa128f,uniform,1,20,2,1,15,1262,0,84.13,23529130,25793808,27734447,2919273
slhdsa128f,uniform,1,20,2,2,15,1272,0,84.80,23341832,25089466,27461793,2750497
slhdsa128f,uniform,1,20,2,3,15,1270,0,84.67,23366362,25396249,27709150,2839319
slhdsa128f,uniform,1,20,4,1,15,2496,0,166.40,23560323,27100277,29038991,3025419
slhdsa128f,uniform,1,20,4,2,15,2496,0,166.40,23619157,26956794,28668981,3076363
slhdsa128f,uniform,1,20,4,3,15,2464,0,164.27,23907018,27879135,29826330,3311665
slhdsa128f,uniform,1,20,16,1,15,10563,0,704.20,22561473,23824698,25548911,2264742
slhdsa128f,uniform,1,20,16,2,15,10538,0,702.53,22582208,24205147,25868725,2283530
slhdsa128f,uniform,1,20,16,3,15,10509,0,700.60,22608142,24363039,26693657,2323581
slhdsa128f,uniform,20,0,2,1,15,1875,0,125.00,15974772,16551085,16874548,15203641
slhdsa128f,uniform,20,0,2,2,15,1849,0,123.27,16103674,16988764,20319202,15394413
slhdsa128f,uniform,20,0,2,3,15,1860,0,124.00,16100101,16622878,16947946,15275027
slhdsa128f,uniform,20,0,4,1,15,3441,0,229.40,17308363,18994107,23766987,16697914
slhdsa128f,uniform,20,0,4,2,15,3365,0,224.33,17585053,18925961,25061513,17080256
slhdsa128f,uniform,20,0,4,3,15,3262,0,217.47,17970957,21684324,27540657,17656136
slhdsa128f,uniform,20,0,16,1,15,3322,0,221.47,71052960,95993200,113044418,65285934
slhdsa128f,uniform,20,0,16,2,15,3301,0,220.07,70994769,100130121,114900625,65238271
slhdsa128f,uniform,20,0,16,3,15,3237,0,215.80,71330314,105740748,118458274,67093626
slhdsa128f,uniform,20,1,2,1,15,1746,0,116.40,17167371,17751004,18043260,15160919
slhdsa128f,uniform,20,1,2,2,15,1744,0,116.27,17156814,17773115,18186995,15228658
slhdsa128f,uniform,20,1,2,3,15,1713,0,114.20,17384997,18487651,20344397,15622018
slhdsa128f,uniform,20,1,4,1,15,3246,0,216.40,18380672,19614357,22333774,16366707
slhdsa128f,uniform,20,1,4,2,15,3157,0,210.47,18765773,20044476,24124777,16808791
slhdsa128f,uniform,20,1,4,3,15,3115,0,207.67,19040839,20967997,25789755,16985041
slhdsa128f,uniform,20,1,16,1,15,3276,0,218.40,71496176,100453456,115336599,64634180
slhdsa128f,uniform,20,1,16,2,15,3014,0,200.93,77505357,104944064,118025173,71379723
slhdsa128f,uniform,20,1,16,3,15,3174,0,211.60,72613844,106906701,118967658,66809545
slhdsa128f,uniform,20,20,2,1,15,804,0,53.60,37118937,38672152,41162728,15520360
slhdsa128f,uniform,20,20,2,2,15,806,0,53.73,37153385,38476739,39783628,15513603
slhdsa128f,uniform,20,20,2,3,15,808,0,53.87,37006298,38469257,40811454,15506566
slhdsa128f,uniform,20,20,4,1,15,1314,0,87.60,37125876,57580738,59411717,15308147
slhdsa128f,uniform,20,20,4,2,15,1487,0,99.13,36928048,57059893,58085337,15343369
slhdsa128f,uniform,20,20,4,3,15,1342,0,89.47,36893566,57750070,58753095,15262795
slhdsa128f,uniform,20,20,16,1,15,3447,0,229.80,66791282,106644269,133185386,33938693
slhdsa128f,uniform,20,20,16,2,15,3259,0,217.27,71522997,110898017,137558869,34966988
slhdsa128f,uniform,20,20,16,3,15,3292,0,219.47,69971066,112136123,140053258,40033682
hyb-ed-fndsa512,hybrid,1,0,2,1,15,90974,0,6064.93,314307,419622,481430,275767
hyb-ed-fndsa512,hybrid,1,0,2,2,15,90396,0,6026.40,315490,425235,485475,277063
hyb-ed-fndsa512,hybrid,1,0,2,3,15,91302,0,6086.80,312172,424205,486550,275170
hyb-ed-fndsa512,hybrid,1,0,4,1,15,160637,0,10709.13,363783,446015,515273,305214
hyb-ed-fndsa512,hybrid,1,0,4,2,15,153796,0,10253.07,381282,459689,544767,321037
hyb-ed-fndsa512,hybrid,1,0,4,3,15,154403,0,10293.53,379636,457475,534674,319527
hyb-ed-fndsa512,hybrid,1,0,16,1,15,175347,0,11689.80,1308047,2331862,3444584,336342
hyb-ed-fndsa512,hybrid,1,0,16,2,15,170111,0,11340.73,1315095,2399861,3521508,340253
hyb-ed-fndsa512,hybrid,1,0,16,3,15,174819,0,11654.60,1310910,2226109,2968454,334740
hyb-ed-fndsa512,hybrid,1,1,2,1,15,20021,0,1334.73,1484414,1624343,1834653,304588
hyb-ed-fndsa512,hybrid,1,1,2,2,15,20256,0,1350.40,1461017,1606918,1856931,303553
hyb-ed-fndsa512,hybrid,1,1,2,3,15,20140,0,1342.67,1469091,1610572,1823834,307299
hyb-ed-fndsa512,hybrid,1,1,4,1,15,40578,0,2705.20,1463579,1594903,1778250,306994
hyb-ed-fndsa512,hybrid,1,1,4,2,15,40323,0,2688.20,1474411,1609762,1774293,308437
hyb-ed-fndsa512,hybrid,1,1,4,3,15,40545,0,2703.00,1482902,1613091,1744001,306549
hyb-ed-fndsa512,hybrid,1,1,16,1,15,158619,0,10574.60,1437796,1858188,2080788,345551
hyb-ed-fndsa512,hybrid,1,1,16,2,15,159133,0,10608.87,1439348,1858550,2075056,346444
hyb-ed-fndsa512,hybrid,1,1,16,3,15,152435,0,10162.33,1496633,1971281,2200535,387612
hyb-ed-fndsa512,hybrid,1,20,2,1,15,1416,0,94.40,21074325,21794785,23325022,565561
hyb-ed-fndsa512,hybrid,1,20,2,2,15,1412,0,94.13,21130705,21903835,23372107,591552
hyb-ed-fndsa512,hybrid,1,20,2,3,15,1416,0,94.40,21133718,21743156,22619648,580222
hyb-ed-fndsa512,hybrid,1,20,4,1,15,2812,0,187.47,21247169,22118439,23448471,635911
hyb-ed-fndsa512,hybrid,1,20,4,2,15,2816,0,187.73,21236496,22037002,22868378,623645
hyb-ed-fndsa512,hybrid,1,20,4,3,15,2824,0,188.27,21160055,21884332,23347117,592137
hyb-ed-fndsa512,hybrid,1,20,16,1,15,11392,0,759.47,20903114,22484064,24136682,505246
hyb-ed-fndsa512,hybrid,1,20,16,2,15,11392,0,759.47,20888345,22443572,24430149,509059
hyb-ed-fndsa512,hybrid,1,20,16,3,15,11408,0,760.53,20931972,22052639,23908539,462904
hyb-ed-fndsa512,hybrid,20,0,2,1,15,13201,0,880.07,2253758,2445668,2571235,2126034
hyb-ed-fndsa512,hybrid,20,0,2,2,15,13194,0,879.60,2253961,2446337,2567243,2129384
hyb-ed-fndsa512,hybrid,20,0,2,3,15,13124,0,874.93,2266929,2455649,2572175,2142124
hyb-ed-fndsa512,hybrid,20,0,4,1,15,24930,0,1662.00,2337278,2612094,3016912,2219992
hyb-ed-fndsa512,hybrid,20,0,4,2,15,23235,0,1549.00,2566898,2759581,3032008,2423902
hyb-ed-fndsa512,hybrid,20,0,4,3,15,23688,0,1579.20,2518318,2697549,2911300,2381042
hyb-ed-fndsa512,hybrid,20,0,16,1,15,23597,0,1573.13,10099844,17255387,20960097,4109079
hyb-ed-fndsa512,hybrid,20,0,16,2,15,23273,0,1551.53,7334787,26034559,31269166,4700486
hyb-ed-fndsa512,hybrid,20,0,16,3,15,23713,0,1580.87,10033897,17157388,20998239,4119976
hyb-ed-fndsa512,hybrid,20,1,2,1,15,8772,0,584.80,3405181,3623889,3813100,2144955
hyb-ed-fndsa512,hybrid,20,1,2,2,15,8809,0,587.27,3387720,3618244,3832476,2137983
hyb-ed-fndsa512,hybrid,20,1,2,3,15,8731,0,582.07,3399101,3651187,3862480,2144088
hyb-ed-fndsa512,hybrid,20,1,4,1,15,17090,0,1139.33,3491323,3750738,3931351,2200418
hyb-ed-fndsa512,hybrid,20,1,4,2,15,17043,0,1136.20,3495413,3780318,4077008,2205784
hyb-ed-fndsa512,hybrid,20,1,4,3,15,16810,0,1120.67,3541988,3785465,3995027,2238539
hyb-ed-fndsa512,hybrid,20,1,16,1,15,22660,0,1510.67,10448207,18316599,22230744,5247021
hyb-ed-fndsa512,hybrid,20,1,16,2,15,23427,0,1561.80,10459965,16554367,19598227,5084358
hyb-ed-fndsa512,hybrid,20,1,16,3,15,23226,0,1548.40,10604707,16587590,19584896,5081464
hyb-ed-fndsa512,hybrid,20,20,2,1,15,1270,0,84.67,23405937,25150567,27405900,2791572
hyb-ed-fndsa512,hybrid,20,20,2,2,15,1280,0,85.33,23129256,24903000,27118393,2641739
hyb-ed-fndsa512,hybrid,20,20,2,3,15,1280,0,85.33,23123842,24926848,27683904,2673077
hyb-ed-fndsa512,hybrid,20,20,4,1,15,2488,0,165.87,23635884,27552417,29143093,3212627
hyb-ed-fndsa512,hybrid,20,20,4,2,15,2504,0,166.93,23523935,27176664,28500881,3061628
hyb-ed-fndsa512,hybrid,20,20,4,3,15,2480,0,165.33,23652780,27620318,29607433,3222906
hyb-ed-fndsa512,hybrid,20,20,16,1,15,10547,0,703.13,22609806,23829098,25766675,2326538
hyb-ed-fndsa512,hybrid,20,20,16,2,15,10524,0,701.60,22624498,24298485,26214314,2333702
hyb-ed-fndsa512,hybrid,20,20,16,3,15,10521,0,701.40,22642496,24051595,25900950,2357519
mix-mldsa87-fndsa512,mixed,1,0,2,1,15,81083,0,5405.53,353818,464440,519991,302936
mix-mldsa87-fndsa512,mixed,1,0,2,2,15,80513,0,5367.53,356787,465542,523846,304644
mix-mldsa87-fndsa512,mixed,1,0,2,3,15,80065,0,5337.67,357292,465309,523436,305315
mix-mldsa87-fndsa512,mixed,1,0,4,1,15,143551,0,9570.07,405266,501847,606904,332944
mix-mldsa87-fndsa512,mixed,1,0,4,2,15,136775,0,9118.33,429347,507545,576721,352954
mix-mldsa87-fndsa512,mixed,1,0,4,3,15,136599,0,9106.60,432026,508342,580480,353922
mix-mldsa87-fndsa512,mixed,1,0,16,1,15,155928,0,10395.20,1509174,3244515,4791544,391107
mix-mldsa87-fndsa512,mixed,1,0,16,2,15,151731,0,10115.40,1495335,2973052,4262608,384744
mix-mldsa87-fndsa512,mixed,1,0,16,3,15,155244,0,10349.60,1483418,2977632,4275695,383900
mix-mldsa87-fndsa512,mixed,1,1,2,1,15,19733,0,1315.53,1512318,1636527,1800545,332591
mix-mldsa87-fndsa512,mixed,1,1,2,2,15,19520,0,1301.33,1523856,1643684,1762617,328916
mix-mldsa87-fndsa512,mixed,1,1,2,3,15,19631,0,1308.73,1529182,1652748,1764314,331533
mix-mldsa87-fndsa512,mixed,1,1,4,1,15,39335,0,2622.33,1505714,1662983,1834322,340394
mix-mldsa87-fndsa512,mixed,1,1,4,2,15,38419,0,2561.27,1550032,1708181,1902760,344082
mix-mldsa87-fndsa512,mixed,1,1,4,3,15,39159,0,2610.60,1527973,1673089,1837050,336272
mix-mldsa87-fndsa512,mixed,1,1,16,1,15,149854,0,9990.27,1516958,2024454,2290508,392731
mix-mldsa87-fndsa512,mixed,1,1,16,2,15,144573,0,9638.20,1539805,2077267,2356164,412011
mix-mldsa87-fndsa512,mixed,1,1,16,3,15,140589,0,9372.60,1625820,2214373,2547322,460351
mix-mldsa87-fndsa512,mixed,1,20,2,1,15,1402,0,93.47,21333130,22140125,23726676,695060
mix-mldsa87-fndsa512,mixed,1,20,2,2,15,1406,0,93.73,21256964,21899997,23089061,636587
mix-mldsa87-fndsa512,mixed,1,20,2,3,15,1406,0,93.73,21254087,21962290,23064767,646939
mix-mldsa87-fndsa512,mixed,1,20,4,1,15,2804,0,186.93,21308765,22116583,23997823,649042
mix-mldsa87-fndsa512,mixed,1,20,4,2,15,2804,0,186.93,21300120,22123205,23795954,658601
mix-mldsa87-fndsa512,mixed,1,20,4,3,15,2800,0,186.67,21337131,22195162,23560377,674383
mix-mldsa87-fndsa512,mixed,1,20,16,1,15,11376,0,758.40,20900747,22597165,24347444,527413
mix-mldsa87-fndsa512,mixed,1,20,16,2,15,11344,0,756.27,20969645,22760314,24778966,548915
mix-mldsa87-fndsa512,mixed,1,20,16,3,15,11360,0,757.33,20937720,22599427,24238939,554772
mix-mldsa87-fndsa512,mixed,20,0,2,1,15,20701,0,1380.07,1435160,1593477,1686242,1312133
mix-mldsa87-fndsa512,mixed,20,0,2,2,15,20469,0,1364.60,1446404,1611681,1713057,1321902
mix-mldsa87-fndsa512,mixed,20,0,2,3,15,20548,0,1369.87,1442249,1607260,1709247,1318064
mix-mldsa87-fndsa512,mixed,20,0,4,1,15,39507,0,2633.80,1501462,1673809,1844362,1363918
mix-mldsa87-fndsa512,mixed,20,0,4,2,15,37575,0,2505.00,1556351,1725785,1881258,1406073
mix-mldsa87-fndsa512,mixed,20,0,4,3,15,37091,0,2472.73,1594700,1765728,2004654,1456624
mix-mldsa87-fndsa512,mixed,20,0,16,1,15,37668,0,2511.20,6064407,11937938,14519688,1824911
mix-mldsa87-fndsa512,mixed,20,0,16,2,15,36429,0,2428.60,6051704,13408348,17114461,1916357
mix-mldsa87-fndsa512,mixed,20,0,16,3,15,37307,0,2487.13,5571582,14932525,18192969,1834550
mix-mldsa87-fndsa512,mixed,20,1,2,1,15,11429,0,761.93,2616128,2792383,2943666,1330487
mix-mldsa87-fndsa512,mixed,20,1,2,2,15,11360,0,757.33,2612022,2835777,3155167,1337575
mix-mldsa87-fndsa512,mixed,20,1,2,3,15,11328,0,755.20,2626770,2839687,3080891,1341947
mix-mldsa87-fndsa512,mixed,20,1,4,1,15,21990,0,1466.00,2671656,2981786,3245652,1387180
mix-mldsa87-fndsa512,mixed,20,1,4,2,15,21683,0,1445.53,2734754,3139293,3454415,1409040
mix-mldsa87-fndsa512,mixed,20,1,4,3,15,22041,0,1469.40,2686907,3026348,3327613,1395411
mix-mldsa87-fndsa512,mixed,20,1,16,1,15,38189,0,2545.93,5811564,11400973,14052755,2558547
mix-mldsa87-fndsa512,mixed,20,1,16,2,15,36999,0,2466.60,6152374,11202664,13855264,2219250
mix-mldsa87-fndsa512,mixed,20,1,16,3,15,37239,0,2482.60,6132950,11160950,13867846,2194449
mix-mldsa87-fndsa512,mixed,20,20,2,1,15,1330,0,88.67,22370553,23593242,25206728,1780614
mix-mldsa87-fndsa512,mixed,20,20,2,2,15,1322,0,88.13,22387749,24124735,26743069,1878743
mix-mldsa87-fndsa512,mixed,20,20,2,3,15,1314,0,87.60,22603224,24410063,26785085,2022719
mix-mldsa87-fndsa512,mixed,20,20,4,1,15,2580,0,172.00,22842740,26371798,27998212,2341253
mix-mldsa87-fndsa512,mixed,20,20,4,2,15,2588,0,172.53,22855959,25537744,27784158,2241424
mix-mldsa87-fndsa512,mixed,20,20,4,3,15,2580,0,172.00,22867705,26525475,28023243,2291777
mix-mldsa87-fndsa512,mixed,20,20,16,1,15,10884,0,725.60,21839944,23383921,25251039,1564280
mix-mldsa87-fndsa512,mixed,20,20,16,2,15,10877,0,725.13,21852204,23433586,25131535,1571671
mix-mldsa87-fndsa512,mixed,20,20,16,3,15,10865,0,724.33,21871724,23518433,25282858,1582084
