profile,n,mode,tsrv_us,slope_ms_per_ms,intercept_ms,r2,tau_star_ms
ed25519,1,ka,142.954,1.0108038221137476,0.4698662308718415,0.9999829100451043,0.1414260580268296
ed25519,1,new,176.0255,2.011713255369509,1.0738092468441354,0.9999748580557163,0.0875002933594867
ed25519,5,ka,276.5805,1.0156559634010676,0.8123289601997958,0.9999711534811255,0.272317113241605
ed25519,5,new,315.3715,2.0132031489385858,1.816345333181978,0.9999700997777212,0.1566516027785235
ed25519,10,ka,461.8105,1.0183299948121243,1.672593908440242,0.9998353864522881,0.4534978861004691
ed25519,10,new,492.618,2.0185808520376893,2.718673438971522,0.9999157274546517,0.2440417481929043
ed25519,20,ka,819.254,1.0228609759337044,2.4313734248212073,0.9996185511895745,0.8009436465714761
ed25519,20,new,875.6995,2.0208434168009997,3.58953646380407,0.9998457920053588,0.4333336728217343
fndsa1024,1,ka,873.644,1.051901069304121,0.8441639069417768,0.9999356684331481,0.8305381803423338
fndsa1024,1,new,829.055,2.0618995796458175,2.1936793421954746,0.9999949794266032,0.4020831121864872
fndsa1024,5,ka,1755.5725,1.0525604952945853,2.2402247115393474,0.9999715763732121,1.6679065078427242
fndsa1024,5,new,1961.249,3.1310143439720752,4.090760027750046,0.9999842025307466,0.6263941280805234
fndsa1024,10,ka,2712.856,1.036456959881939,3.963197514065169,0.9999734234329437,2.617432372984419
fndsa1024,10,new,3001.8805,4.029303195708935,10.776542568906839,0.9992414209460255,0.7450123145850371
fndsa1024,20,ka,3281.4405,1.0131444735441029,4.868335741236243,0.9998718202601053,3.238867294534136
fndsa1024,20,new,3231.0365,4.012325622692702,6.432032894590734,0.9999812418013825,0.805277737610844
fndsa512,1,ka,648.1075,1.0518716212055854,0.544316154450001,0.9999688517155112,0.6161469583685337
fndsa512,1,new,445.258,2.0738644227154053,1.8935996765013037,0.9999884468318285,0.21469966653702627
fndsa512,5,ka,1310.0455,1.050033377761381,1.4372734936201579,0.9999756929413879,1.2476227210919255
fndsa512,5,new,1100.473,2.0695366543024187,2.7969607470484865,0.999988559935807,0.5317484943850573
fndsa512,10,ka,1412.8495,1.045188795918947,2.061335789079364,0.9999785322441928,1.3517648730225813
fndsa512,10,new,1855.1745,3.0808780959132718,4.959458156101683,0.9998409006547719,0.6021577103166967
fndsa512,20,ka,2390.638,1.0358447856850952,3.477996180400731,0.9999771617713354,2.307911410123922
fndsa512,20,new,2160.881,4.127573575695313,5.939720839760515,0.9999485199514431,0.5235233146960894
hyb-ed-fndsa512,1,ka,375.729,1.0033490566239078,0.7544345349017988,0.9999987151667803,0.37447486248131995
hyb-ed-fndsa512,1,new,415.803,2.005710951969577,1.221660343239869,0.9999981661627577,0.2073095326082195
hyb-ed-fndsa512,5,ka,759.571,1.0044513539959135,1.332622316256111,0.9999937728491204,0.7562048644548796
hyb-ed-fndsa512,5,new,765.12,3.011752408882961,1.8566547100011244,0.9999981664408456,0.25404478726183805
hyb-ed-fndsa512,10,ka,1270.21,1.0044900392893636,1.9846346211999144,0.9999908408236565,1.2645322007360298
hyb-ed-fndsa512,10,new,1316.935,3.011794386570554,2.5391752749120555,0.9999972277215771,0.4372592650654207
hyb-ed-fndsa512,20,ka,2192.4285,1.0070426090135092,3.1805001684867715,0.9999753061042985,2.1770960636389414
hyb-ed-fndsa512,20,new,2262.387,4.016963164899535,3.880893916295847,0.9999973756736902,0.5632083011785802
hyb-ed-mldsa44,1,ka,401.8545,1.0027781986207291,0.8671961364343238,0.9999969794869589,0.400741161457968
hyb-ed-mldsa44,1,new,451.9865,2.0050421843001485,1.3709840338574073,0.9999970872147899,0.22542493297105565
hyb-ed-mldsa44,5,ka,912.9565,1.012417985225338,1.2839797592121789,0.999995081080708,0.9017584765612392
hyb-ed-mldsa44,5,new,907.8075,3.014603956572824,2.280154388103104,0.9999836371439166,0.3011365715289673
hyb-ed-mldsa44,10,ka,1846.804,1.0127389711034174,2.9268390608525388,0.9999259292175273,1.8235735492511336
hyb-ed-mldsa44,10,new,1750.7435,4.020339814825749,4.142855937586557,0.9999917120412752,0.4354715224677796
hyb-ed-mldsa44,20,ka,2916.519,1.014717095481894,3.937687599801344,0.9998882182661496,2.874218846795846
hyb-ed-mldsa44,20,new,2749.377,5.021956854336475,5.6943175449143295,0.999983352117325,0.5474712506989988
mix-mldsa87-fndsa512,1,ka,409.578,1.0035224071858329,0.83904214968783,0.9999985241599515,0.40814036345095195
mix-mldsa87-fndsa512,1,new,449.091,3.011577406987173,1.363214745470611,0.9999987431300852,0.14912151982481414
mix-mldsa87-fndsa512,5,ka,621.043,1.0046907811102286,1.116876050425694,0.9999983058780554,0.618143424500939
mix-mldsa87-fndsa512,5,new,781.44,3.0189413594732675,1.495053389675325,0.9999988605655834,0.2588457034940031
mix-mldsa87-fndsa512,10,ka,897.885,1.008925358865933,1.4716445110682252,0.9999971387209501,0.8899419487376685
mix-mldsa87-fndsa512,10,new,916.525,3.0267185569190613,2.1634345997389035,0.9999979869546068,0.3028114384486886
mix-mldsa87-fndsa512,20,ka,1434.847,1.0091465261777732,2.289548942859586,0.9999913678838886,1.421842084156602
mix-mldsa87-fndsa512,20,new,1529.204,4.043584424696334,3.027710635696473,0.99999661057619,0.37818030721958784
mix-mldsa87-mldsa44,1,ka,746.9945,1.0128302462424796,1.1604813188046377,0.9999963947176158,0.7375317855793612
mix-mldsa87-mldsa44,1,new,782.7995,3.0382720421841305,2.1587786897945547,0.9999954759764517,0.25764628352281016
mix-mldsa87-mldsa44,5,ka,1062.1835,1.010770129662845,1.8549420411283981,0.9999954410787055,1.0508655418559951
mix-mldsa87-mldsa44,5,new,1181.408,3.037324229555001,2.7694276145533547,0.9999934719223328,0.38896341342296803
mix-mldsa87-mldsa44,10,ka,1297.42,1.012835360182768,2.4367285118798963,0.9999879940104857,1.280978183626881
mix-mldsa87-mldsa44,10,new,1508.93,4.056935684635033,3.6685326795380107,0.9999925895339514,0.3719383587259765
mix-mldsa87-mldsa44,20,ka,2308.8895,1.0119838975366107,3.5621283377057664,0.9999525788650276,2.2815476665393
mix-mldsa87-mldsa44,20,new,2410.497,5.0583201378873905,5.277351275723703,0.9999896971670805,0.47654101248853437
mix-slh256s-fndsa512,1,ka,1652.909,1.0100644986207288,2.4659803364343333,0.9999876933896285,1.6364390613243942
mix-slh256s-fndsa512,1,new,1683.1055,4.043944973992508,3.538378046469559,0.999997310770658,0.4162038580703789
mix-slh256s-fndsa512,5,ka,1867.342,1.012148536922466,2.708304269525485,0.9999913259025992,1.8449288141815934
mix-slh256s-fndsa512,5,new,1997.472,4.0477309000340576,3.655706847865803,0.9999967072562602,0.4934794454797361
mix-slh256s-fndsa512,10,ka,2258.098,1.0176717969292772,2.971735309098661,0.9999878226650175,2.2188862920379484
mix-slh256s-fndsa512,10,new,2233.367,4.054125804807585,4.139247232058102,0.999993772358525,0.5508874434413362
mix-slh256s-fndsa512,20,ka,3397.83,1.0139692211034173,4.572303310852549,0.9999539875843969,3.3510188763939284
mix-slh256s-fndsa512,20,new,3352.324,5.062000181087525,6.231300068515175,0.9999911459978622,0.66225284078907
mldsa44,1,ka,191.223,1.0288124525882625,0.20145788780225232,0.9999503728360113,0.1858676958263147
mldsa44,1,new,234.419,2.04479476430923,1.1922624366216388,0.9999268545142208,0.11464182327324725
mldsa44,5,ka,534.5455,1.034841321739131,0.36143375434783215,0.9999300915553232,0.5165482753449145
mldsa44,5,new,598.5825,3.1017843984390963,1.0356797811500074,0.9999990961523844,0.19298004732412197
mldsa44,10,ka,897.9755,1.0453621766829382,0.7217429278692391,0.9999360469766732,0.8590089827521653
mldsa44,10,new,1007.6365,4.1627065697752315,2.2239912940856352,0.9999991222897844,0.2420628221350726
mldsa44,20,ka,1660.4195,1.0534662373651948,1.909937541781142,0.9999869871205742,1.576148756464037
mldsa44,20,new,1849.7865,5.238787877505962,3.9540545096265434,0.9999826690810482,0.35309436901282415
mldsa65,1,ka,451.771,1.0506237306277673,1.0751587973266004,0.9999476260522758,0.4300026611145157
mldsa65,1,new,863.7195,3.1167181929049845,2.929034577954398,0.9999813497996455,0.27712466977803896
mldsa65,5,ka,1684.6805,1.0305327366216375,2.689724171710744,0.9999631655764334,1.6347666019061502
mldsa65,5,new,1003.3715,4.152114540986492,3.967778931513207,0.999981478414209,0.24165313603357652
mldsa65,10,ka,1544.0635,1.044525577948689,3.369530531882177,0.9999876158803448,1.4782438387313959
mldsa65,10,new,2144.7515,4.161351131768647,6.111818325831595,0.9999671053021513,0.51539786768449
mldsa65,20,ka,3232.56,1.0460108909751393,4.445282665557969,0.9999594631379073,3.090369352642647
mldsa65,20,new,3243.8595,5.24211391873652,6.910310759178175,0.9999804096892265,0.6188075174035612
mldsa87,1,ka,1228.4455,1.0451630250879784,1.1520792611533703,0.9998384405629633,1.1753625707306221
mldsa87,1,new,547.7115,3.1395952109320033,1.5569333649278938,0.9999468516012323,0.17445290338476765
mldsa87,5,ka,1905.0695,1.0466532922181861,2.8252254376603494,0.9999782747258497,1.8201533537075691
mldsa87,5,new,2081.624,4.186144744295608,5.034847857475323,0.9999692345677574,0.49726517527531633
mldsa87,10,ka,2262.978,1.0491075271994552,3.941959378834157,0.9999458285895685,2.1570505799733577
mldsa87,10,new,2391.071,5.249780455210581,6.834207223470405,0.9999783425466062,0.4554611417372288
mldsa87,20,ka,4060.948,1.0459463060733345,5.624909486071069,0.9999152420928066,3.8825587665637533
mldsa87,20,new,3962.6265,6.3046705051651735,9.001544009649292,0.9999813365003024,0.6285223782517377
slhdsa128f,1,ka,3605.2945,1.0137857585310481,5.338588215387673,0.999845530657003,3.5562686392675187
slhdsa128f,1,new,3247.676,4.014251205710069,6.9851245255023455,0.9999839908107008,0.8090365633770864
slhdsa128f,5,ka,5240.846,1.0217880380519928,7.289407782075142,0.9997378310772089,5.129093123845441
slhdsa128f,5,new,5610.1555,5.002433938040642,13.305602466119831,0.9999132067761362,1.121485174914152
slhdsa128f,10,ka,8476.884,1.0228043285503465,10.152247827511633,0.9996338843381385,8.28788436202119
slhdsa128f,10,new,8296.6825,7.0218940883528225,13.365560379889898,0.9999860462323114,1.181544807655482
slhdsa128f,20,ka,14531.302,1.0074426509365428,15.798488791310023,0.9999033933840356,14.423949578163436
slhdsa128f,20,new,14916.953,9.020072915518222,8.743674460858221,0.9990003793146681,1.6537508221620612
slhdsa128s,1,ka,2212.3695,1.0067900048075835,3.1673202820581308,0.9999645170549906,2.197448812002087
slhdsa128s,1,new,1900.2745,3.009055919003293,4.202934659127089,0.999987247654595,0.631518506518629
slhdsa128s,5,ka,2843.7395,1.0157749289419917,3.665998202968559,0.9997905533334197,2.7995763815139396
slhdsa128s,5,new,3213.1895,4.014465303013964,4.958338011125049,0.9999770276026212,0.8004028575331352
slhdsa128s,10,ka,3311.9865,1.0289844172834604,3.8519555169031836,0.9998315629284557,3.2186945150673045
slhdsa128s,10,new,3475.0975,5.0365576993642875,4.797744506504663,0.9999884987457752,0.6899747223065915
slhdsa128s,20,ka,6682.9105,1.0220083574071974,8.377265185815633,0.999728644959722,6.53899789719365
slhdsa128s,20,new,6638.634,6.00529970013055,14.208538208485685,0.9999716211363381,1.105462563318144
slhdsa256f,1,ka,3740.1355,1.0180659671302081,5.056931476506982,0.9998227336906187,3.6737653754824375
slhdsa256f,1,new,3704.51,6.018022654149166,7.323662756652323,0.9999895569602882,0.6155693012298485
slhdsa256f,5,ka,8266.105,1.0192364713588378,9.55614479484619,0.9998512034363624,8.110095382457907
slhdsa256f,5,new,8320.338,9.036222467436717,1.7436614572995097,0.9990956410465653,0.9207761351586344
slhdsa256f,10,ka,13979.542,1.0077239257123403,15.443715238693384,0.9998241868713372,13.872392669567843
slhdsa256f,10,new,14694.745,13.192682810364406,-34.37168053283582,0.9934010209527417,1.1138557040464543
slhdsa256f,20,ka,26276.0895,1.0028160704393239,28.794868002469066,0.9999817554385539,26.20230197197448
slhdsa256f,20,new,27285.0115,14.963447608179138,-12.107433779225673,0.9951252582171636,1.8234441830829011
slhdsa256s,1,ka,2248.242,1.006071203808605,3.027732227994104,0.9999715239627102,2.2346748336390174
slhdsa256s,1,new,2155.258,5.003839529004429,4.384813765722587,0.9999969455304867,0.4307208469630546
slhdsa256s,5,ka,4853.017,1.019834653700761,5.6628914514190125,0.9999107886775538,4.758631198096126
slhdsa256s,5,new,4916.035,7.015804821591556,8.618926346929307,0.9999819570283249,0.700708632154448
slhdsa256s,10,ka,8066.088,1.0212833837268707,9.288578453116124,0.9997869669096336,7.897992005475705
slhdsa256s,10,new,8164.359,9.034610626399138,1.9983963289874653,0.9991076057885683,0.9036758016049679
slhdsa256s,20,ka,15326.4375,1.0164412841752755,16.87819260834941,0.9998637369054363,15.078527150179296
slhdsa256s,20,new,15399.8765,11.156347439873999,21.371112017896387,0.9959740484467409,1.3803690305448149
