profile,n,mode,loss_pct,samples,fail,fail_rate,p50_us,p95_us,p99_us,tail_ratio,p50_amp,p99_amp
ed25519,1,ka,0,1000,0,0.0,21070.732,21922.274899999997,22358.12423,1.061098600181522,1.0,1.0
ed25519,1,ka,1,1000,0,0.0,20711.0115,21704.1683,22875.767129999997,1.1045219655254401,0.9829279542827464,1.023152340271257
ed25519,1,ka,3,1000,0,0.0,21073.989,22156.4629,248664.90713,11.799612647135765,1.0001545746013951,11.121903813216266
ed25519,1,ka,5,1000,0,0.0,21156.0105,245610.15825,249298.79033000002,11.783828067678451,1.0040472490466872,11.150255171920564
ed25519,1,new,0,400,0,0.0,41849.573,43683.36485,44603.93493,1.0658157714058396,1.0,1.0
ed25519,1,new,1,400,0,0.0,41222.1195,43016.37099999999,1057006.57597,25.64173285582756,0.9850069318508937,23.69760824081625
ed25519,1,new,3,400,0,0.0,41908.0995,43754.94454999999,1056162.63588,25.201873825846,1.0013984969452376,23.678687486597493
ed25519,1,new,5,400,0,0.0,41676.686,265793.52595,1067249.83693,25.607838323085478,0.995868846738293,23.927257507771635
ed25519,10,ka,0,1000,0,0.0,21785.361,23350.61155,24260.71313,1.1136245633019346,1.0,1.0
ed25519,10,ka,1,1000,0,0.0,21785.096,23398.9405,50653.61073,2.32514975972564,0.9999878358683154,2.0878863064978668
ed25519,10,ka,3,1000,0,0.0,21900.2475,24912.125699999997,91049.28218,4.157454484475575,1.0052735642067165,3.752951600891379
ed25519,10,ka,5,1000,0,0.0,22031.5435,54079.93075,94742.06425999998,4.300291727631339,1.0113003635790105,3.9051640301061497
ed25519,10,new,0,400,0,0.0,42800.391,45192.0959,45734.53499,1.0685541398441898,1.0,1.0
ed25519,10,new,1,400,0,0.0,42779.9705,45598.3911,48350.23903,1.1302073953043048,0.9995228898726649,1.0571931919843927
ed25519,10,new,3,400,0,0.0,43010.295,108286.30519999999,1067592.26426,24.821784278856956,1.0049042542625368,23.343240824323075
ed25519,10,new,5,400,0,0.0,42872.3955,312684.52664999967,1070173.01724,24.96181994868936,1.0016823327618665,23.39966980038163
ed25519,20,ka,0,1000,0,0.0,22613.512,24664.039149999997,25694.8634,1.1362615147969939,1.0,1.0
ed25519,20,ka,1,1000,0,0.0,22914.5635,25394.64745,267694.89326,11.682303844016054,1.0133129033650325,10.418225973522786
ed25519,20,ka,3,1000,0,0.0,22943.255,73441.46455,270011.53557,11.768667330333033,1.0145816801919136,10.508385717668382
ed25519,20,ka,5,1000,0,0.0,23270.3245,268322.7072,273466.9723,11.75174726506285,1.0290451346080167,10.64286538686172
ed25519,20,new,0,400,0,0.0,43487.517,46118.56315,47141.79785,1.08403057019788,1.0,1.0
ed25519,20,new,1,400,0,0.0,43679.988,46945.43044999999,289970.94232,6.638530723039576,1.0044258907676886,6.151036989354023
ed25519,20,new,3,400,0,0.0,43964.4595,288825.6469,1060567.56886,24.123293699539285,1.0109673426514556,22.497393337322624
ed25519,20,new,5,400,0,0.0,43877.152,295638.6127,1077068.9318699979,24.547375633450365,1.0089596975610267,22.847430114929267
fndsa512,1,ka,0,1000,0,0.0,21000.0815,21802.0695,22500.85801,1.0714652707419254,1.0,1.0
fndsa512,1,ka,1,1000,0,0.0,21041.3115,21995.974,70644.12114999999,3.357401041755405,1.0019633257137597,3.13961899224482
fndsa512,1,ka,3,1000,0,0.0,21170.5065,71477.7513,109998.78304,5.195850323184285,1.0081154446948217,4.888648379146853
fndsa512,1,ka,5,1000,0,0.0,21223.6735,75022.96795,111205.82818999997,5.2397068862748934,1.0106471967739745,4.942292784594128
fndsa512,1,new,0,400,0,0.0,41871.9395,43335.4298,44040.09671,1.051780673068655,1.0,1.0
fndsa512,1,new,1,400,0,0.0,41926.577,43972.63835,132440.25218999814,3.158861554330995,1.0013048714879806,3.0072652442637686
fndsa512,1,new,3,400,0,0.0,42183.9085,129481.72540000001,1050581.4009299998,24.904790435196393,1.007450550505309,23.855111124028223
fndsa512,1,new,5,400,0,0.0,41962.738,1047766.5517499998,1073787.33115,25.589067404276626,1.0021684808748827,24.382038446027746
fndsa512,10,ka,0,1000,0,0.0,22378.852,24169.7358,24899.53751,1.1126369444688224,1.0,1.0
fndsa512,10,ka,1,1000,0,0.0,42002.17,63885.59075,130696.15612999999,3.111652472479398,1.8768688402783127,5.248939104893439
fndsa512,10,ka,3,1000,0,0.0,62346.9165,117175.96994999998,293102.48784999986,4.701154512589245,2.7859747452639665,11.771402891812182
fndsa512,10,ka,5,1000,0,0.0,81826.6555,176086.21695,355918.70314999996,4.3496670000156605,3.6564277515218384,14.294189320065005
fndsa512,10,new,0,400,0,0.0,63478.0345,66114.18579999999,67125.22392,1.0574559286330771,1.0,1.0
fndsa512,10,new,1,400,0,0.0,63751.1465,104372.35964999998,1082369.7659200002,16.978043930864835,1.00430246465807,16.12463546058291
fndsa512,10,new,3,400,0,0.0,64611.732,308317.5163,1095803.54983,16.959823176230593,1.017859681840023,16.324765651969834
fndsa512,10,new,5,400,0,0.0,65106.538,335974.73284999945,1090046.13531,16.742498814942362,1.0256545986785397,16.238994399618235
fndsa512,20,ka,0,1000,0,0.0,23198.162,25572.090350000002,26707.28311,1.1512672042724763,1.0,1.0
fndsa512,20,ka,1,1000,0,0.0,47612.964,87310.65370000001,134252.33513,2.8196592661192024,2.052445534262585,5.026806155349135
fndsa512,20,ka,3,1000,0,0.0,86564.4425,172332.98784999998,332944.04578999995,3.8461986951513025,3.731521596409233,12.466413914837178
fndsa512,20,ka,5,1000,0,0.0,125700.5485,323712.5205499999,449532.16573999997,3.576214830438866,5.418556370974563,16.8318193913061
fndsa512,20,new,0,400,0,0.0,85660.385,88876.639,90031.64613,1.051030136392686,1.0,1.0
fndsa512,20,new,1,400,0,0.0,85362.026,105270.85914999997,1086617.9013099999,12.729523328206854,0.9965169547159985,12.06928838934026
fndsa512,20,new,3,400,0,0.0,86807.917,151297.98674999995,1108163.8037400001,12.765699743031503,1.0133962974833701,12.308603156493238
fndsa512,20,new,5,400,0,0.0,84543.564,403339.8444999917,1138061.2016800002,13.461239955296893,0.9869622229692291,12.640679700965501
hyb-ed-fndsa512,1,ka,0,1000,0,0.0,21103.424,21717.98355,22264.66673,1.055026271092312,1.0,1.0
hyb-ed-fndsa512,1,ka,1,1000,0,0.0,21158.8745,22404.810149999998,107762.48962000001,5.0930161535766,1.002627559395101,4.840067490199527
hyb-ed-fndsa512,1,ka,3,1000,0,0.0,21232.651,71049.29615,110075.67263,5.184264208458943,1.0061235086780231,4.943962286292888
hyb-ed-fndsa512,1,ka,5,1000,0,0.0,21225.024,73961.54899999997,268506.39256,12.6504635547173,1.005762098131564,12.059753501641566
hyb-ed-fndsa512,1,new,0,400,0,0.0,42012.187,42959.4181,43728.21698,1.040846004517689,1.0,1.0
hyb-ed-fndsa512,1,new,1,400,0,0.0,42232.775,91178.18789999996,1054442.67148,24.967402011352558,1.0052505716972078,24.11355285678058
hyb-ed-fndsa512,1,new,3,400,0,0.0,42257.191,93351.68859999996,346227.3859399935,8.193336512594827,1.0058317363959177,7.917711030805298
hyb-ed-fndsa512,1,new,5,400,0,0.0,42244.0075,129562.12494999995,1064761.67162,25.205034622247897,1.0055179345935978,24.349533211175537
hyb-ed-fndsa512,10,ka,0,1000,0,0.0,22776.936,24207.646149999997,24996.179210000002,1.0974337904799838,1.0,1.0
hyb-ed-fndsa512,10,ka,1,1000,0,0.0,43164.6285,62734.66389999999,84163.59036,1.9498277475039545,1.895102506324819,3.3670582072931134
hyb-ed-fndsa512,10,ka,3,1000,0,0.0,63082.456,125649.7944499999,310420.67402,4.920871724144665,2.769576030770776,12.418724934401682
hyb-ed-fndsa512,10,ka,5,1000,0,0.0,68291.143,167830.17939999994,376360.31399999995,5.511114581871912,2.998258545398731,15.056713701645762
hyb-ed-fndsa512,10,new,0,400,0,0.0,64875.021,66829.57535,68469.33347,1.055403642489765,1.0,1.0
hyb-ed-fndsa512,10,new,1,400,0,0.0,64986.0255,87123.88339999999,1078246.75856,16.591978817969103,1.001711051469255,15.747878705909068
hyb-ed-fndsa512,10,new,3,400,0,0.0,64742.4215,149828.48065,1085826.9273699997,16.77149081255788,0.9979560777329073,15.85858766751041
hyb-ed-fndsa512,10,new,5,400,0,0.0,66654.7165,1072417.25605,1130350.6310899993,16.958299283892377,1.0274326770545477,16.508859861842605
hyb-ed-fndsa512,20,ka,0,1000,0,0.0,23424.6785,24982.6097,25547.01107,1.0906024204345004,1.0,1.0
hyb-ed-fndsa512,20,ka,1,1000,0,0.0,63902.6635,89332.4674,137296.2666,2.1485218155265153,2.728006000167729,5.374259486708713
hyb-ed-fndsa512,20,ka,3,1000,0,0.0,88929.02,192546.18279999998,376280.92676999996,4.231250122513438,3.7963816664548884,14.728960884659763
hyb-ed-fndsa512,20,ka,5,1000,0,0.0,127856.0365,318018.81389999995,500843.18675999984,3.917243178111499,5.458176789918376,19.604766498423874
hyb-ed-fndsa512,20,new,0,400,0,0.0,87800.6005,90646.68695,91296.01448,1.0398108208838504,1.0,1.0
hyb-ed-fndsa512,20,new,1,400,0,0.0,87784.18,111610.72874999928,188791.62788999177,2.1506338373268594,0.9998129796390173,2.0679065670643255
hyb-ed-fndsa512,20,new,3,400,0,0.0,87587.2635,355136.12059999944,1109088.1933799998,12.662665198804845,0.9975702102401908,12.148265175616896
hyb-ed-fndsa512,20,new,5,400,0,0.0,88899.7465,1092148.659,1141757.08203,12.843198400233907,1.012518661532389,12.50609994897556
mix-mldsa87-fndsa512,1,ka,0,1000,0,0.0,21288.358,22211.09465,22870.81736,1.0743344958779817,1.0,1.0
mix-mldsa87-fndsa512,1,ka,1,1000,0,0.0,21948.148,43441.901399999995,92105.76202999997,4.196516354363929,1.0309929962658464,4.027217767524508
mix-mldsa87-fndsa512,1,ka,3,1000,0,0.0,42733.5535,112117.89699999997,290961.53261999995,6.808737134860548,2.0073672896707206,12.721956021076807
mix-mldsa87-fndsa512,1,ka,5,1000,0,0.0,62705.9995,176562.76989999984,341551.81458999997,5.446876173148312,2.9455535978866947,14.93395750636172
mix-mldsa87-fndsa512,1,new,0,400,0,0.0,62813.57,64318.41185,65317.05085,1.0398557326068236,1.0,1.0
mix-mldsa87-fndsa512,1,new,1,400,0,0.0,62431.7605,82594.28235,311142.23783999996,4.983717187344092,0.9939215443414535,4.7635683759595215
mix-mldsa87-fndsa512,1,new,3,400,0,0.0,63041.5415,310332.57805,1089818.82495,17.28731244539761,1.0036293351898324,16.685058660299266
mix-mldsa87-fndsa512,1,new,5,400,0,0.0,63327.211,333796.2775999996,1104027.0933799907,17.43369202505998,1.0081772298565421,16.902586369298557
mix-mldsa87-fndsa512,10,ka,0,1000,0,0.0,22474.1525,23935.690599999998,24604.50284,1.0947911312784764,1.0,1.0
mix-mldsa87-fndsa512,10,ka,1,1000,0,0.0,43989.508,82896.44349999998,129313.17166999998,2.939636689503324,1.9573377906018925,5.255670984734271
mix-mldsa87-fndsa512,10,ka,3,1000,0,0.0,83326.7685,154838.40989999982,324762.09942,3.897452226531501,3.70767122364236,13.199295329472301
mix-mldsa87-fndsa512,10,ka,5,1000,0,0.0,104881.52,246828.32949999976,383529.0164099999,3.656783544040932,4.666761961324237,15.587757204607671
mix-mldsa87-fndsa512,10,new,0,400,0,0.0,63676.901,65646.43995,66243.56025,1.0403075402491713,1.0,1.0
mix-mldsa87-fndsa512,10,new,1,400,0,0.0,64075.8065,106130.1230499999,1075039.4666,16.777618969181447,1.006264524399515,16.22858829662616
mix-mldsa87-fndsa512,10,new,3,400,0,0.0,65162.286,328336.0202499999,1093985.5115399999,16.78863002964629,1.023326904680867,16.51459413430304
mix-mldsa87-fndsa512,10,new,5,400,0,0.0,67043.7775,1079309.7027499997,1150333.4592499998,17.157945183652572,1.0528743774763787,17.365211877331124
mix-mldsa87-fndsa512,20,ka,0,1000,0,0.0,23233.452,25137.20365,26102.87923,1.123504128013349,1.0,1.0
mix-mldsa87-fndsa512,20,ka,1,1000,0,0.0,65081.6735,107914.06414999999,176018.16164999985,2.704573379631977,2.80120549886431,6.743246984328934
mix-mldsa87-fndsa512,20,ka,3,1000,0,0.0,108004.782,234711.067,354496.2557,3.282227408227165,4.648675625128801,13.58073385607891
mix-mldsa87-fndsa512,20,ka,5,1000,0,0.0,166070.5465,359438.64534999995,459558.41140999994,2.7672481430052978,7.147906669228489,17.6056597956378
mix-mldsa87-fndsa512,20,new,0,400,0,0.0,85935.0485,88392.71005,89025.04748000001,1.0359573775070368,1.0,1.0
mix-mldsa87-fndsa512,20,new,1,400,0,0.0,86318.0535,127797.90554999998,1107104.9211399998,12.825879132457498,1.004456912594865,12.435881276993616
mix-mldsa87-fndsa512,20,new,3,400,0,0.0,87718.4555,178166.34879999948,1114082.4257799997,12.700661672958887,1.0207529643740179,12.51425814774527
mix-mldsa87-fndsa512,20,new,5,400,0,0.0,105184.473,1098159.19095,1137169.58828,10.811192525345447,1.2239996932101573,12.773591483177492
mldsa87,1,ka,0,1000,0,0.0,20912.116,21567.727199999998,22235.887179999998,1.063301637194438,1.0,1.0
mldsa87,1,ka,1,1000,0,0.0,41420.635,62315.8814,106715.29835,2.5763800663606435,1.98070032702573,4.799237263894051
mldsa87,1,ka,3,1000,0,0.0,61401.737,112648.37325,307747.22708,5.012028032366576,2.936180011625796,13.840114612418176
mldsa87,1,ka,5,1000,0,0.0,62952.2165,175608.09074999948,350897.7555099999,5.57403337037386,3.0103226521888073,15.780695084008782
mldsa87,1,new,0,400,0,0.0,62098.925,62952.77329999999,63735.982379999994,1.0263620888767397,1.0,1.0
mldsa87,1,new,1,400,0,0.0,62114.5815,82653.64725,84326.05851999971,1.3575887735796741,1.0002521219167642,1.3230526206882594
mldsa87,1,new,3,400,0,0.0,62584.2695,150303.88264999999,1090629.60628,17.42657723727206,1.0078156666963236,17.11167798085487
mldsa87,1,new,5,400,0,0.0,62793.1705,1066481.1691999997,2156861.565,34.34866479627749,1.0111796701794757,33.84056359468323
mldsa87,10,ka,0,1000,0,0.0,22792.363,24232.422850000003,25069.13742,1.099891986627275,1.0,1.0
mldsa87,10,ka,1,1000,0,0.0,104521.8905,167945.1059,229360.44326,2.194377102851962,4.5858294947303175,9.149115879711829
mldsa87,10,ka,3,1000,0,0.0,208084.5245,408331.6340499998,519225.95214999944,2.495264620940129,9.129572238736282,20.71175978060435
mldsa87,10,ka,5,1000,0,0.0,300913.0515,571484.9961499999,758199.1164099999,2.5196617847930063,13.202363067839872,30.24432407495255
mldsa87,10,new,0,400,0,0.0,105548.605,107689.34855,108372.68992,1.0267562505444767,1.0,1.0
mldsa87,10,new,1,400,0,0.0,105956.7735,167675.2523,349919.94379,3.302478286487272,1.003867114112972,3.2288572337579566
mldsa87,10,new,3,400,0,0.0,107356.7515,373385.18045,1128641.91843,10.513003631914104,1.0171309369744868,10.414449611457979
mldsa87,10,new,5,400,0,0.0,128338.05,1119996.6764999998,1298966.3878499996,10.121444013291457,1.2159142226465238,11.986104514051354
mldsa87,20,ka,0,1000,0,0.0,24049.5175,25777.11155,26364.673059999997,1.0962661957771085,1.0,1.0
mldsa87,20,ka,1,1000,0,0.0,188714.6595,335038.3168,435443.70829,2.3074185622023706,7.846920816602661,16.516180849238264
mldsa87,20,ka,3,1000,0,0.0,394702.672,694858.8896999999,860206.6852299998,2.179378925587815,16.412082778791717,32.62724643967195
mldsa87,20,ka,5,1000,0,0.0,560639.411,976527.9940499997,1185165.4147299998,2.113953089056024,23.31187771230753,44.95278253717893
mldsa87,20,new,0,400,0,0.0,128011.4,130729.02984999999,131887.14623,1.0302765709147779,1.0,1.0
mldsa87,20,new,1,400,0,0.0,129445.6505,276124.2529499998,467369.7048999939,3.6105477711666634,1.0112040841675038,3.543709286763554
mldsa87,20,new,3,400,0,0.0,151853.788,519374.72604999976,1194781.147389999,7.867970652072235,1.1862520681751783,9.059117446566034
mldsa87,20,new,5,400,0,0.0,229528.2565,648353.4654499999,1250731.0523899999,5.449137598402835,1.793029812188602,9.483343056106703
slhdsa128f,1,ka,0,1000,0,0.0,23725.428,25971.85655,27485.429529999998,1.1584798187834586,1.0,1.0
slhdsa128f,1,ka,1,1000,0,0.0,66109.168,126182.32634999997,173154.19136,2.6192160119153214,2.786426782269218,6.299853934281958
slhdsa128f,1,ka,3,1000,0,0.0,127883.382,249838.96929999994,371445.7687,2.904566354837253,5.390140148367397,13.51427920362575
slhdsa128f,1,ka,5,1000,0,0.0,188750.8715,396916.21235,559246.8298099997,2.9628834312958374,7.955636100642737,20.347028930349765
slhdsa128f,1,new,0,400,0,0.0,86002.611,88968.42545000001,90399.84989,1.0511291324631993,1.0,1.0
slhdsa128f,1,new,1,400,0,0.0,86552.221,137665.00535,193172.83594999826,2.2318645751447357,1.0063906199312949,2.1368712026076824
slhdsa128f,1,new,3,400,0,0.0,88138.187,189665.44259999995,1106448.54448,12.553565964319189,1.0248315251731137,12.239495373347903
slhdsa128f,1,new,5,400,0,0.0,107167.045,1110484.6888499998,1154225.1918099998,10.770337017410526,1.2460905983424153,12.767998986884155
slhdsa128f,10,ka,0,1000,0,0.0,29638.642,31572.33095,32841.33504,1.1080580223614833,1.0,1.0
slhdsa128f,10,ka,1,1000,0,0.0,257648.3465,427430.99769999966,526146.64783,2.042111486362673,8.692987570078278,16.02086660573224
slhdsa128f,10,ka,3,1000,0,0.0,524083.8905,855967.7385,1012540.19208,1.932019301554929,17.682452876889567,30.831273784903964
slhdsa128f,10,ka,5,1000,0,0.0,756489.692,1227959.1275,1519387.26847,2.0084705509377914,25.523763605633484,46.26447940132217
slhdsa128f,10,new,0,400,0,0.0,134456.561,176619.41625,179302.60097,1.333535527284533,1.0,1.0
slhdsa128f,10,new,1,400,0,0.0,152953.132,396134.0380999997,496187.26049999404,3.244047728947414,1.1375654030003046,2.767317695424918
slhdsa128f,10,new,3,400,0,0.0,198172.197,710059.180999999,1245045.7882899998,6.282646138751743,1.473875246593582,6.943824470780068
slhdsa128f,10,new,5,400,0,0.0,310684.551,1132336.00975,1584385.8440299998,5.09966085835404,2.310668580910678,8.836379592145967
slhdsa128f,20,ka,0,1000,0,0.0,36456.283,38482.5994,39572.819659999994,1.0854869559795768,1.0,1.0
slhdsa128f,20,ka,1,1000,0,0.0,462438.864,718646.13675,861359.30702,1.8626447171187583,12.68475077396124,21.766437530117614
slhdsa128f,20,ka,3,1000,0,0.0,944378.0935,1434477.5726499993,1685164.33327,1.7844170093193716,25.90439879732116,42.58388327514998
slhdsa128f,20,ka,5,1000,0,0.0,1413164.4745,2025764.09035,2301163.77875,1.6283764701657875,38.763262686434594,58.150109052653754
slhdsa128f,20,new,0,400,0,0.0,223834.4555,266549.67569999996,268399.87899,1.1990999258378252,1.0,1.0
slhdsa128f,20,new,1,400,0,0.0,226194.775,597756.2331499992,825977.9559499999,3.651622615730181,1.0105449337311698,3.0774155303578734
slhdsa128f,20,new,3,400,0,0.0,401141.1375,1174009.12735,1690335.2026399996,4.213816646117477,1.7921331039224209,6.297824011697776
slhdsa128f,20,new,5,400,0,0.0,765220.273,1767644.3186999985,2393468.3405099995,3.127816166091041,3.4186884735446816,8.917546272810261
