profile,n,rtt_ms,conc,rps,rps_sd,p50_us,p99_us,completed,failed
ed25519,1,0,1,6236.156666666667,189.77734989543245,151.466,284.037,280627,0
ed25519,1,0,2,12476.82,56.94306191275627,150.339,261.199,561457,0
ed25519,1,0,4,22651.443333333333,326.5712089779701,169.572,277.752,1019315,0
ed25519,1,0,8,27543.646666666667,358.38699423016664,276.918,560.844,1239464,0
ed25519,1,0,16,24413.710000000003,632.480994418015,659.731,1818.006,1098617,0
ed25519,1,0,32,24801.86666666667,1041.2434423482998,1489.148,4147.604,1116084,0
ed25519,1,1,1,691.0666666666666,14.948355539434253,1467.828,1860.293,31098,0
ed25519,1,1,2,1524.1566666666668,6.756303229824147,1308.264,1525.12,68587,0
ed25519,1,1,4,2940.2666666666664,65.44750746463404,1354.212,1627.914,132312,0
ed25519,1,1,8,5960.98,5.620524886521233,1339.339,1589.731,268244,0
ed25519,1,1,16,12844.956666666667,50.82415305082114,1228.318,1481.573,578023,0
ed25519,1,1,32,24311.289999999997,281.33755028435144,1286.372,1853.13,1094008,0
ed25519,1,20,1,45.93333333333334,0.1795364401266026,21567.303,23926.266,2067,0
ed25519,1,20,2,95.06666666666666,1.730385313545322,20820.258,22135.915,4278,0
ed25519,1,20,4,190.13333333333333,2.81961581307337,21012.363,22309.803,8556,0
ed25519,1,20,8,368.12999999999994,2.078460969082625,21586.388,24561.897,16566,0
ed25519,1,20,16,763.4666666666667,11.067349878509049,20897.614,23245.9,34356,0
ed25519,1,20,32,1522.49,1.2297560733739659,20870.12,24341.866,68512,0
ed25519,20,0,1,1123.89,13.345946950291703,879.542,1194.734,50575,0
ed25519,20,0,2,2164.2433333333333,25.573533845234067,913.539,1120.781,97391,0
ed25519,20,0,4,3862.89,154.6921497684998,1044.537,1325.229,173830,0
ed25519,20,0,8,4365.580000000001,52.07033992591147,1754.6,3143.673,196451,0
ed25519,20,0,16,3738.1533333333336,29.824715142534703,4031.527,14870.235,168217,0
ed25519,20,0,32,4112.443333333334,53.316175156638124,7085.147,32582.817,185060,0
ed25519,20,1,1,472.1366666666667,3.4195516275285662,2098.693,2771.024,21246,0
ed25519,20,1,2,961.6666666666666,5.384629358956274,2060.756,2502.884,43275,0
ed25519,20,1,4,1902.2666666666667,27.019256713191314,2072.315,2393.981,85602,0
ed25519,20,1,8,3864.7100000000005,20.862653234907715,1997.113,3007.058,173912,0
ed25519,20,1,16,3407.8233333333337,69.70157554412445,4258.059,11367.867,153352,0
ed25519,20,1,32,4113.576666666667,11.704124629092792,6417.026,30570.398,185111,0
ed25519,20,20,1,40.51,0.33045423283716446,24729.061,28969.19,1823,0
ed25519,20,20,2,92.62333333333333,0.08082903768655203,21489.683,23369.778,4168,0
ed25519,20,20,4,185.42333333333332,0.4080849584747586,21492.804,23997.502,8344,0
ed25519,20,20,8,345.3333333333333,1.7453461929752627,22923.354,28044.285,15540,0
ed25519,20,20,16,750.8000000000001,1.6021547990129041,21129.657,24641.22,33786,0
ed25519,20,20,32,1509.6466666666665,0.6925556536000329,21084.668,22949.304,67934,0
fndsa1024,1,0,1,3026.0033333333336,9.411340676722702,317.734,501.707,136170,0
fndsa1024,1,0,2,6006.846666666667,42.29344669488749,318.197,470.417,270308,0
fndsa1024,1,0,4,10755.356666666667,311.8979360837982,357.266,527.934,483991,0
fndsa1024,1,0,8,12782.246666666666,198.14686379888286,586.291,1419.24,575201,0
fndsa1024,1,0,16,11494.196666666665,236.89468827589397,1325.572,3702.642,517239,0
fndsa1024,1,0,32,11987.4,203.79500214676472,2863.858,9161.472,539433,0
fndsa1024,1,1,1,676.5533333333334,12.18358048084943,1434.237,2308.066,30445,0
fndsa1024,1,1,2,1357.22,14.535208976825803,1470.609,1841.286,61075,0
fndsa1024,1,1,4,2785.69,12.412139219328852,1428.001,1703.177,125356,0
fndsa1024,1,1,8,5713.776666666668,4.032187164967836,1385.012,1693.161,257120,0
fndsa1024,1,1,16,10475.176666666666,209.06099237622823,1450.469,2143.099,471383,0
fndsa1024,1,1,32,12428.89,290.6431509600737,2339.678,5983.907,559300,0
fndsa1024,1,20,1,47.53333333333333,0.11547005383792731,20994.75,22232.776,2139,0
fndsa1024,1,20,2,95.11333333333334,0.6177647880328967,20859.888,23048.065,4280,0
fndsa1024,1,20,4,188.53666666666666,2.0132891827388653,21071.919,22987.139,8484,0
fndsa1024,1,20,8,380.09,0.3117691453623687,20933.26,23426.058,17104,0
fndsa1024,1,20,16,766.2233333333334,1.6289976468164118,20735.845,24264.36,34480,0
fndsa1024,1,20,32,1548.2233333333334,2.5786882970482146,20519.718,23438.564,69670,0
fndsa1024,20,0,1,455.2,0.2879236009777517,2161.081,2691.441,20484,0
fndsa1024,20,0,2,839.5766666666667,14.070381421032389,2366.212,2719.69,37781,0
fndsa1024,20,0,4,1586.6633333333332,52.43370417330187,2507.212,2956.319,71400,0
fndsa1024,20,0,8,1693.243333333333,20.408785689828125,4460.888,10300.568,76196,0
fndsa1024,20,0,16,1555.0433333333333,26.920819700249393,9578.278,24065.079,69977,0
fndsa1024,20,0,32,1633.6666666666667,32.908513082990176,12471.031,60486.359,73515,0
fndsa1024,20,1,1,295.06666666666666,2.387516143051885,3344.399,4167.054,13278,0
fndsa1024,20,1,2,571.6433333333333,3.656573988494286,3481.689,3930.811,25724,0
fndsa1024,20,1,4,1096.6899999999998,8.432389934057648,3631.813,4246.646,49351,0
fndsa1024,20,1,8,1674.2866666666666,11.268435265525254,4500.161,9028.052,75343,0
fndsa1024,20,1,16,1568.9333333333334,6.08294610639734,10107.238,20961.354,70602,0
fndsa1024,20,1,32,1607.1333333333332,26.99029887447211,17300.387,52626.686,72321,0
fndsa1024,20,20,1,42.266666666666666,0.24131583730317618,23496.528,25775.012,1902,0
fndsa1024,20,20,2,84.17666666666666,0.20404247923737398,23561.345,27642.926,3788,0
fndsa1024,20,20,4,165.24333333333334,0.8139615060513087,23674.271,29146.769,7436,0
fndsa1024,20,20,8,353.8866666666666,0.7678758580221848,22494.416,24669.106,15925,0
fndsa1024,20,20,16,697.8000000000001,2.6220030511042562,22768.613,25984.586,31401,0
fndsa1024,20,20,32,1398.3799999999999,1.654176532296368,22508.34,26649.069,62927,0
fndsa512,1,0,1,5523.400000000001,94.21729618281353,167.202,323.692,248553,0
fndsa512,1,0,2,10717.69,67.69478783481067,174.992,297.937,482296,0
fndsa512,1,0,4,18353.09,635.121951439249,212.783,313.339,825889,0
fndsa512,1,0,8,23801.64333333333,514.9527100941741,305.408,787.296,1071074,0
fndsa512,1,0,16,22007.91,306.06062847089703,690.548,1883.125,990356,0
fndsa512,1,0,32,22421.67,436.6956377157893,1331.485,4333.516,1008975,0
fndsa512,1,1,1,762.29,1.238668640113202,1292.143,1644.968,34303,0
fndsa512,1,1,2,1534.9333333333334,3.244415715245638,1295.152,1511.116,69072,0
fndsa512,1,1,4,3026.2433333333333,2.852110329796688,1311.867,1526.076,136181,0
fndsa512,1,1,8,6342.466666666667,12.00675781938384,1246.795,1485.329,285411,0
fndsa512,1,1,16,12667.220000000001,28.973027111435727,1248.63,1467.202,570025,0
fndsa512,1,1,32,22079.98,347.749683393096,1385.512,2568.293,993599,0
fndsa512,1,20,1,47.97666666666667,0.23586719427112948,20751.253,21977.566,2159,0
fndsa512,1,20,2,96.44333333333333,0.15011106998930565,20697.288,22245.408,4340,0
fndsa512,1,20,4,192.80000000000004,0.0,20700.13,22188.379,8676,0
fndsa512,1,20,8,383.29,0.31176914536241795,20816.423,22656.143,17248,0
fndsa512,1,20,16,773.4666666666667,0.873059753586982,20576.097,22840.23,34806,0
fndsa512,1,20,32,1549.18,2.71998161758484,20557.408,23139.799,69713,0
fndsa512,20,0,1,816.29,7.650437895963852,1201.484,1570.673,36733,0
fndsa512,20,0,2,1597.9333333333334,3.760350161000144,1237.188,1476.145,71907,0
fndsa512,20,0,4,2964.9566666666665,71.21557788386822,1336.021,1695.37,133423,0
fndsa512,20,0,8,3127.2233333333334,42.09929373912736,2394.039,5224.486,140725,0
fndsa512,20,0,16,2944.2033333333334,1.5275252316518846,5049.123,12998.654,132489,0
fndsa512,20,0,32,2957.556666666667,30.57107347368281,7498.867,45565.253,133090,0
fndsa512,20,1,1,423.04333333333335,13.351199696406825,2380.851,3047.458,19037,0
fndsa512,20,1,2,823.3766666666667,18.872033100154667,2392.785,2895.724,37052,0
fndsa512,20,1,4,1636.1533333333334,6.632468117777249,2420.098,3024.679,73627,0
fndsa512,20,1,8,2735.0,61.02700140101916,2399.618,5260.673,123075,0
fndsa512,20,1,16,2878.976666666667,50.675888086281596,4964.849,13266.666,129554,0
fndsa512,20,1,32,2980.023333333333,48.85680744106541,7901.313,30888.719,134101,0
fndsa512,20,20,1,44.846666666666664,0.1662327685305582,22218.696,24378.254,2018,0
fndsa512,20,20,2,90.49,0.5071488933242372,21927.824,25664.105,4072,0
fndsa512,20,20,4,175.5566666666667,2.1535165040773148,22326.529,26999.919,7900,0
fndsa512,20,20,8,362.8666666666666,3.6011433369602703,21716.213,26698.496,16329,0
fndsa512,20,20,16,737.11,3.459812133628005,21488.89,24463.542,33170,0
fndsa512,20,20,32,1489.6666666666667,3.246880554213979,21410.309,22736.263,67035,0
hyb-ed-fndsa512,1,0,1,3216.463333333333,19.879973172349356,292.666,485.943,144741,0
hyb-ed-fndsa512,1,0,2,6059.376666666667,30.58054337864757,314.307,485.475,272672,0
hyb-ed-fndsa512,1,0,4,10418.576666666666,252.43847276778703,379.636,534.674,468836,0
hyb-ed-fndsa512,1,0,8,12417.333333333334,671.3245812074307,628.866,1409.707,558780,0
hyb-ed-fndsa512,1,0,16,11561.71,192.1818937881508,1310.91,3444.584,520277,0
hyb-ed-fndsa512,1,0,32,11774.023333333333,133.34161590941315,3081.448,9811.251,529831,0
hyb-ed-fndsa512,1,1,1,700.6666666666666,5.991104516976249,1395.164,1675.103,31530,0
hyb-ed-fndsa512,1,1,2,1342.6000000000001,7.835234521059377,1469.091,1834.653,60417,0
hyb-ed-fndsa512,1,1,4,2698.7999999999997,9.245539465061043,1474.411,1774.293,121446,0
hyb-ed-fndsa512,1,1,8,5769.82,26.962720560062362,1370.462,1642.587,259642,0
hyb-ed-fndsa512,1,1,16,10448.6,248.5085368754969,1439.348,2080.788,470187,0
hyb-ed-fndsa512,1,1,32,12119.223333333333,457.542035810189,2488.396,5985.362,545365,0
hyb-ed-fndsa512,1,20,1,48.24666666666667,0.04041451884327397,20713.536,21771.107,2171,0
hyb-ed-fndsa512,1,20,2,94.31,0.15588457268120487,21130.705,23325.022,4244,0
hyb-ed-fndsa512,1,20,4,187.82333333333335,0.4080849584747549,21236.496,23347.117,8452,0
hyb-ed-fndsa512,1,20,8,385.9533333333334,0.30599564267049,20714.484,21551.602,17368,0
hyb-ed-fndsa512,1,20,16,759.8233333333334,0.6119912853409554,20903.114,24136.682,34192,0
hyb-ed-fndsa512,1,20,32,1545.9566666666667,1.235529576065824,20673.465,21751.195,69568,0
hyb-ed-fndsa512,20,0,1,458.71333333333337,3.5882632753650268,2135.252,2989.433,20642,0
hyb-ed-fndsa512,20,0,2,878.1999999999999,2.8416368522385795,2253.961,2571.235,39519,0
hyb-ed-fndsa512,20,0,4,1596.7333333333333,58.50481461669059,2518.318,3016.912,71853,0
hyb-ed-fndsa512,20,0,8,1695.42,75.35064896867163,4595.73,9762.308,76294,0
hyb-ed-fndsa512,20,0,16,1568.51,15.20582783014457,10033.897,20998.239,70583,0
hyb-ed-fndsa512,20,0,32,1621.6899999999998,18.830539025742336,13023.686,60745.951,72976,0
hyb-ed-fndsa512,20,1,1,301.7966666666667,0.6110100926608029,3264.474,4265.64,13581,0
hyb-ed-fndsa512,20,1,2,584.7133333333333,2.6010831077328587,3399.101,3832.476,26312,0
hyb-ed-fndsa512,20,1,4,1132.0666666666666,9.993109292574093,3495.413,3995.027,50943,0
hyb-ed-fndsa512,20,1,8,1643.93,63.687047348735,4664.127,9296.848,73977,0
hyb-ed-fndsa512,20,1,16,1540.29,26.512229253685803,10459.965,19598.227,69313,0
hyb-ed-fndsa512,20,1,32,1584.1533333333334,22.53689493549036,14855.995,53994.23,71287,0
hyb-ed-fndsa512,20,20,1,44.20000000000001,0.0,22591.471,23418.801,1989,0
hyb-ed-fndsa512,20,20,2,85.11,0.381051177665151,23129.256,27405.9,3830,0
hyb-ed-fndsa512,20,20,4,166.04333333333332,0.813961506051321,23635.884,29143.093,7472,0
hyb-ed-fndsa512,20,20,8,355.10999999999996,0.17088007490634574,22461.615,23748.415,15980,0
hyb-ed-fndsa512,20,20,16,702.0433333333334,0.9463790642936448,22624.498,25900.95,31592,0
hyb-ed-fndsa512,20,20,32,1402.7133333333331,7.278710966464786,22457.573,26334.005,63122,0
mix-mldsa87-fndsa512,1,0,1,2731.2433333333333,27.36931919747619,354.872,576.547,122906,0
mix-mldsa87-fndsa512,1,0,2,5370.243333333333,34.011270680956855,356.787,523.436,241661,0
mix-mldsa87-fndsa512,1,0,4,9265.0,264.2634611519348,429.347,580.48,416925,0
mix-mldsa87-fndsa512,1,0,8,11184.736666666666,727.5768642097772,686.501,1563.31,503313,0
mix-mldsa87-fndsa512,1,0,16,10286.733333333334,150.12052935336126,1495.335,4275.695,462903,0
mix-mldsa87-fndsa512,1,0,32,10611.466666666667,29.924241566551746,4190.435,12385.703,477516,0
mix-mldsa87-fndsa512,1,1,1,662.6466666666666,3.502518141756488,1475.26,2376.533,29819,0
mix-mldsa87-fndsa512,1,1,2,1308.53,7.102112361825848,1523.856,1764.314,58884,0
mix-mldsa87-fndsa512,1,1,4,2598.0666666666666,32.402071435840895,1527.973,1837.05,116913,0
mix-mldsa87-fndsa512,1,1,8,5540.509999999999,35.803607360152675,1426.544,1785.972,249323,0
mix-mldsa87-fndsa512,1,1,16,9667.023333333333,309.8421301781497,1539.805,2356.164,435016,0
mix-mldsa87-fndsa512,1,1,32,10617.89,351.04745590874114,2775.197,7501.259,477805,0
mix-mldsa87-fndsa512,1,20,1,48.09,0.03464101615137783,20775.083,21729.686,2164,0
mix-mldsa87-fndsa512,1,20,2,93.64333333333333,0.15011106998931079,21256.964,23089.061,4214,0
mix-mldsa87-fndsa512,1,20,4,186.84333333333333,0.15011106998931387,21308.765,23795.954,8408,0
mix-mldsa87-fndsa512,1,20,8,384.5133333333333,0.5363145843004237,20787.515,21838.547,17303,0
mix-mldsa87-fndsa512,1,20,16,757.3333333333334,1.0650039123559074,20937.72,24347.444,34080,0
mix-mldsa87-fndsa512,1,20,32,1543.82,1.229756073373736,20718.813,21774.494,69472,0
mix-mldsa87-fndsa512,20,0,1,710.8000000000001,13.789521384007436,1352.659,2256.71,31986,0
mix-mldsa87-fndsa512,20,0,2,1371.5133333333333,7.86483523879138,1442.249,1709.247,61718,0
mix-mldsa87-fndsa512,20,0,4,2537.1766666666667,85.21965520543573,1556.351,1881.258,114173,0
mix-mldsa87-fndsa512,20,0,8,2595.0666666666666,141.14526642198572,3009.55,6516.986,116778,0
mix-mldsa87-fndsa512,20,0,16,2475.6433333333334,42.481144444721906,6051.704,17114.461,111404,0
mix-mldsa87-fndsa512,20,0,32,2493.7766666666666,20.909101686426702,7827.669,45000.546,112220,0
mix-mldsa87-fndsa512,20,1,1,395.68666666666667,1.325757645021631,2500.911,3385.946,17806,0
mix-mldsa87-fndsa512,20,1,2,758.1533333333333,3.4397141354090595,2616.128,3080.891,34117,0
mix-mldsa87-fndsa512,20,1,4,1460.3100000000002,12.912253869871096,2686.907,3327.613,65714,0
mix-mldsa87-fndsa512,20,1,8,2429.6033333333335,63.201687741177736,2693.019,5914.325,109332,0
mix-mldsa87-fndsa512,20,1,16,2498.3766666666666,41.95223037376356,6132.95,13867.846,112427,0
mix-mldsa87-fndsa512,20,1,32,2508.7566666666667,30.62917781027305,8890.871,41438.187,112894,0
mix-mldsa87-fndsa512,20,20,1,45.79999999999999,0.07000000000000028,21818.124,22665.803,2061,0
mix-mldsa87-fndsa512,20,20,2,88.13333333333333,0.535007788105318,22387.749,26743.069,3966,0
mix-mldsa87-fndsa512,20,20,4,172.17666666666665,0.30599564267050233,22855.959,27998.212,7748,0
mix-mldsa87-fndsa512,20,20,8,367.2,0.269999999999996,21738.027,23095.634,16524,0
mix-mldsa87-fndsa512,20,20,16,725.02,0.6421059102671185,21852.204,25251.039,32626,0
mix-mldsa87-fndsa512,20,20,32,1481.1566666666668,1.2060403531114552,21567.286,22991.656,66652,0
mldsa44,1,0,1,4668.580000000001,63.26515865782701,201.828,381.269,210086,0
mldsa44,1,0,2,8369.556666666665,120.85726512433376,225.429,377.964,376630,0
mldsa44,1,0,4,14022.156666666668,693.66005192265,279.758,467.042,630997,0
mldsa44,1,0,8,19995.710000000003,54.083539085379385,381.098,880.09,899807,0
mldsa44,1,0,16,16591.846666666668,231.33329555715383,921.567,2667.704,746633,0
mldsa44,1,0,32,18681.736666666668,83.7351379847997,2045.757,5693.016,840678,0
mldsa44,1,1,1,647.8000000000001,2.851122585929978,1517.291,2599.883,29151,0
mldsa44,1,1,2,1466.3333333333333,23.333971657935436,1355.965,1643.94,65985,0
mldsa44,1,1,4,2924.8199999999997,24.793714929393047,1351.005,1699.425,131617,0
mldsa44,1,1,8,6216.22,4.0870894289209865,1273.397,1492.028,279730,0
mldsa44,1,1,16,11847.133333333333,194.64247566585624,1314.701,1696.743,533121,0
mldsa44,1,1,32,19777.91,89.16516304028241,1546.544,2826.899,890006,0
mldsa44,1,20,1,46.580000000000005,0.15588457268119973,21255.327,24080.195,2096,0
mldsa44,1,20,2,96.93,0.0,20608.937,21335.953,4362,0
mldsa44,1,20,4,193.6,0.0,20638.726,21506.669,8712,0
mldsa44,1,20,8,377.9533333333334,0.30599564267049,21045.265,23959.841,17008,0
mldsa44,1,20,16,766.5799999999999,11.748374355628904,20625.806,22330.78,34496,0
mldsa44,1,20,32,1546.6433333333334,9.568622332046237,20601.147,23593.917,69599,0
mldsa44,20,0,1,640.0033333333334,13.705959774249092,1524.013,2247.707,28800,0
mldsa44,20,0,2,1207.3333333333333,29.77479191083183,1624.646,2010.92,54330,0
mldsa44,20,0,4,2121.7333333333336,48.20885119283957,1878.979,2520.565,95478,0
mldsa44,20,0,8,2486.5333333333333,61.04828689925167,3086.488,6464.327,111894,0
mldsa44,20,0,16,2124.6633333333334,1.814754345175601,6878.644,18917.393,95610,0
mldsa44,20,0,32,2342.42,119.64388952219846,8026.258,49832.706,105409,0
mldsa44,20,1,1,364.28999999999996,5.839280777630059,2669.761,3769.833,16393,0
mldsa44,20,1,2,716.7566666666667,1.5032076813711843,2763.982,3336.213,32254,0
mldsa44,20,1,4,1359.2466666666667,16.61275513975142,2895.556,3638.318,61166,0
mldsa44,20,1,8,2291.11,24.995205540263157,2802.072,6067.165,103100,0
mldsa44,20,1,16,2128.5533333333333,3.89738801421339,7108.585,15075.739,95785,0
mldsa44,20,1,32,2322.2233333333334,25.71681421431015,11220.522,36186.415,104500,0
mldsa44,20,20,1,42.776666666666664,0.04041451884327499,23044.404,27221.322,1925,0
mldsa44,20,20,2,90.04333333333334,0.07505553499464976,22027.695,24747.314,4052,0
mldsa44,20,20,4,176.4433333333333,2.2712404833775937,22315.627,26384.322,7940,0
mldsa44,20,20,8,351.38000000000005,1.866627975789508,22406.578,27463.471,15812,0
mldsa44,20,20,16,719.6899999999999,3.4828580217976404,21913.772,25280.264,32386,0
mldsa44,20,20,32,1468.4433333333334,1.7396934595881286,21734.231,23331.789,66080,0
mldsa87,1,0,1,2242.69,19.735379398430393,435.897,616.297,100921,0
mldsa87,1,0,2,4296.466666666666,14.656405880479047,456.125,623.591,193341,0
mldsa87,1,0,4,7246.243333333333,88.82386240945225,536.566,782.489,326081,0
mldsa87,1,0,8,9525.223333333333,494.59180910457167,784.266,1715.24,428635,0
mldsa87,1,0,16,8019.046666666666,135.69977757289527,1851.366,4431.56,360857,0
mldsa87,1,0,32,8949.93,40.80637205143347,4927.737,14605.436,402747,0
mldsa87,1,1,1,618.4433333333333,11.57132807128605,1580.997,2635.659,27830,0
mldsa87,1,1,2,1275.8433333333332,10.769518714099208,1552.315,1869.897,57413,0
mldsa87,1,1,4,2448.53,80.01874780324921,1613.568,2038.796,110184,0
mldsa87,1,1,8,5218.513333333333,19.627522343213435,1521.162,1806.423,234833,0
mldsa87,1,1,16,8025.886666666666,422.71806400168623,1946.839,3665.208,361165,0
mldsa87,1,1,32,9005.466666666667,355.61078756603166,3298.821,9923.035,405246,0
mldsa87,1,20,1,45.29,0.34394767043839836,21812.509,25313.663,2038,0
mldsa87,1,20,2,94.97666666666667,0.08082903768654075,21034.204,21976.586,4274,0
mldsa87,1,20,4,190.04666666666665,0.5564470624716389,21029.841,22038.051,8552,0
mldsa87,1,20,8,366.75666666666666,4.661076413590893,21463.255,26042.408,16504,0
mldsa87,1,20,16,762.0466666666666,0.5564470624716172,20905.727,22860.601,34292,0
mldsa87,1,20,32,1539.7300000000002,2.1166010488517024,20657.069,22612.846,69288,0
mldsa87,20,0,1,317.9766666666667,5.041679614308444,3043.272,4626.896,14309,0
mldsa87,20,0,2,596.2433333333333,2.6043297282282194,3307.491,3854.357,26831,0
mldsa87,20,0,4,1025.4233333333334,10.940865291800927,3819.092,5095.072,46144,0
mldsa87,20,0,8,1174.9766666666667,40.56125778786121,6356.479,13502.939,52874,0
mldsa87,20,0,16,1067.4433333333334,18.05396447690458,14139.16,33311.551,48035,0
mldsa87,20,0,32,1125.2,13.829493844678538,13540.577,99018.656,50634,0
mldsa87,20,1,1,236.10999999999999,2.6985736973445884,4185.566,5306.356,10625,0
mldsa87,20,1,2,460.8866666666667,13.894086271983973,4389.455,4922.227,20740,0
mldsa87,20,1,4,842.1333333333333,32.17216550581159,4704.594,5475.54,37896,0
mldsa87,20,1,8,1204.3999999999999,34.827128793513765,6467.937,12759.183,54198,0
mldsa87,20,1,16,1090.6000000000001,31.448543686472966,13880.18,31684.101,49077,0
mldsa87,20,1,32,1155.09,9.815615110628544,26285.432,61342.884,51979,0
mldsa87,20,20,1,40.91,0.03464101615137937,24364.508,26627.466,1841,0
mldsa87,20,20,2,80.93333333333332,0.7444684904905867,24339.369,29253.555,3642,0
mldsa87,20,20,4,160.17666666666665,1.871265169165858,24501.633,29259.798,7208,0
mldsa87,20,20,8,340.1333333333334,0.4692902442341459,23388.261,26469.477,15306,0
mldsa87,20,20,16,665.3566666666667,0.6030201765557552,23650.76,27163.494,29941,0
mldsa87,20,20,32,1169.3566666666668,26.78655695182452,26362.713,43304.284,52621,0
slhdsa128f,1,0,1,460.4666666666667,10.381436958982782,2108.96,3306.176,20721,0
slhdsa128f,1,0,2,888.29,3.7875057755730923,2252.812,2494.172,39973,0
slhdsa128f,1,0,4,1607.4666666666665,48.05120428598367,2517.029,2915.965,72336,0
slhdsa128f,1,0,8,1767.6666666666667,50.20820882418875,4206.492,9594.49,79545,0
slhdsa128f,1,0,16,1588.8666666666668,25.59113583515454,9362.687,24496.265,71499,0
slhdsa128f,1,0,32,1683.0866666666668,19.390709974968132,14701.63,54570.173,75739,0
slhdsa128f,1,1,1,306.4433333333333,1.6329523365160776,3235.132,3996.791,13790,0
slhdsa128f,1,1,2,588.71,1.1464292389851771,3384.987,3846.174,26492,0
slhdsa128f,1,1,4,1135.1333333333334,17.955618433608258,3474.028,3961.64,51081,0
slhdsa128f,1,1,8,1734.9099999999999,39.16869030233198,4235.715,8812.012,78071,0
slhdsa128f,1,1,16,1587.78,4.7282449175143135,9692.574,21257.613,71450,0
slhdsa128f,1,1,32,1700.3566666666666,5.6613190453579705,12624.245,51226.407,76516,0
slhdsa128f,1,20,1,42.776666666666664,0.08082903768654794,23282.698,25303.463,1925,0
slhdsa128f,1,20,2,84.53333333333333,0.3552933060632184,23366.362,27709.15,3804,0
slhdsa128f,1,20,4,165.69000000000003,1.2297560733738961,23619.157,29038.991,7456,0
slhdsa128f,1,20,8,352.3966666666667,0.11547005383790218,22509.832,25803.689,15858,0
slhdsa128f,1,20,16,702.4433333333333,1.8015641352262266,22582.208,25868.725,31610,0
slhdsa128f,1,20,32,1417.4233333333332,1.306343497451285,22347.906,25605.95,63784,0
slhdsa128f,20,0,1,66.2,0.3699999999999992,15026.589,16058.762,2979,0
slhdsa128f,20,0,2,124.08999999999999,0.8685044617041389,16100.101,16947.946,5584,0
slhdsa128f,20,0,4,223.73333333333335,5.987339420254495,17585.053,25061.513,10068,0
slhdsa128f,20,0,8,233.4466666666667,6.187700165112505,32275.628,54346.208,10505,0
slhdsa128f,20,0,16,219.11333333333334,2.9535797489374156,71052.96,114900.625,9860,0
slhdsa128f,20,0,32,228.44333333333336,2.0580654346578404,151477.206,315567.713,10280,0
slhdsa128f,20,1,1,61.376666666666665,0.31390019645315914,16255.436,17405.213,2762,0
slhdsa128f,20,1,2,115.62333333333333,1.2343554323343566,17167.371,18186.995,5203,0
slhdsa128f,20,1,4,211.51333333333332,4.457536688949782,18765.773,24124.777,9518,0
slhdsa128f,20,1,8,228.07000000000002,10.223502335305644,33005.87,56164.322,10263,0
slhdsa128f,20,1,16,210.31000000000003,8.80615125920513,72613.844,118025.173,9464,0
slhdsa128f,20,1,32,213.44333333333336,2.6339387489714783,147681.754,267729.437,9605,0
slhdsa128f,20,20,1,27.78,0.10148891565092179,35920.307,37983.269,1250,0
slhdsa128f,20,20,2,53.73333333333333,0.1350308606701911,37118.937,40811.454,2418,0
slhdsa128f,20,20,4,92.06666666666666,6.188071859095798,36928.048,58753.095,4143,0
slhdsa128f,20,20,8,208.5533333333333,3.312647480993602,36838.451,52943.24,9385,0
slhdsa128f,20,20,16,222.17999999999998,6.690164422493677,69971.066,137558.869,9998,0
slhdsa128f,20,20,32,212.77666666666664,1.5400108224727942,148170.356,237344.771,9575,0
